clean_id,height_network48_m,phase_sigma_network48_rad,roof_iqr_network48_m,support_points,ground_points,unwrap_valid_support_points,gamma_sbas_output_points,points_after_iqr,median_mean_coherence,height_network36_m,phase_sigma_network36_rad,roof_iqr_network36_m,network_height_difference_m,absolute_network_height_difference_m,insar_height_m,median_phase_sigma_rad,roof_height_iqr_m,solution_source,filled_from_prior,insar_only,paper_median_height_m,upper_plateau_applied,upper_plateau_point_jaccard,upper_plateau_network_difference_m,aggregation_extension,upper_plateau_uplift_m
66,14.66809594631195,0.2128801494836807,3.8486647605896,12,40,11,11,11.0,0.7735085010839006,16.72102653980255,0.1600936353206634,3.225477695465088,2.0529305934906006,2.0529305934906006,15.694561243057253,0.186486892402172,3.537071228027344,GAMMA_equal_network48_36_consensus,0,0,15.694561243057253,0,,,paper_IQR_median,0.0
74,11.444621056318285,0.1086698845028877,2.024967193603516,14,40,14,14,14.0,0.8337478572502732,11.070233412086964,0.1038211174309253,1.936568260192871,-0.3743876442313212,0.3743876442313212,11.257427234202623,0.1062455009669064,1.9807677268981936,GAMMA_equal_network48_36_consensus,0,0,11.257427234202623,0,,,paper_IQR_median,0.0
82,12.053170680999756,0.1687611564993858,3.032022953033448,81,40,79,79,78.0,0.8664124328643084,12.768267393112184,0.1771962791681289,3.0193581581115723,0.7150967121124285,0.7150967121124285,12.41071903705597,0.1729787178337573,3.0256905555725098,GAMMA_equal_network48_36_consensus,0,0,12.41071903705597,0,,,paper_IQR_median,0.0
84,18.88749596476555,0.229192852973938,1.804780960083008,16,40,15,15,15.0,0.7832892922063669,19.33166892081499,0.2817849814891815,3.049371719360352,0.4441729560494423,0.4441729560494423,19.10958244279027,0.2554889172315597,2.42707633972168,GAMMA_equal_network48_36_consensus,0,0,19.10958244279027,0,,,paper_IQR_median,0.0
92,19.711989760398865,0.1131796538829803,2.0389328002929688,14,40,7,7,6.0,0.8059973424921434,19.275130540132523,0.1806797757744789,2.082195281982422,-0.4368592202663421,0.4368592202663421,19.493560150265694,0.1469297148287296,2.0605640411376958,GAMMA_equal_network48_36_consensus,0,0,19.493560150265694,0,,,paper_IQR_median,0.0
94,13.021118640899658,0.1282128393650055,1.538897156715393,15,40,14,14,13.0,0.8328574324647585,12.55629825592041,0.0799612551927566,1.5035955905914309,-0.464820384979248,0.464820384979248,12.788708448410034,0.104087047278881,1.521246373653412,GAMMA_equal_network48_36_consensus,0,0,12.788708448410034,0,,,paper_IQR_median,0.0
96,18.47620913386345,0.1099447086453437,2.044469356536865,8,40,8,8,8.0,0.7814373864481846,20.30832514166832,0.1666261255741119,1.465059757232666,1.8321160078048704,1.8321160078048704,19.392267137765884,0.1382854171097278,1.7547645568847654,GAMMA_equal_network48_36_consensus,0,0,19.392267137765884,0,,,paper_IQR_median,0.0
98,20.23705697059632,0.2944062054157257,7.56990647315979,15,40,14,14,14.0,0.7658549218128126,21.114083290100098,0.3042117059230804,7.213960886001587,0.8770263195037806,0.8770263195037806,20.67557013034821,0.2993089556694031,7.391933679580688,GAMMA_equal_network48_36_consensus,0,0,20.67557013034821,0,,,paper_IQR_median,0.0
100,22.19426023960113,0.3248763084411621,1.6247472763061523,24,40,23,23,23.0,0.774961415057381,22.200026154518127,0.4850039482116699,1.920122146606445,0.0057659149169957,0.0057659149169957,22.19714319705963,0.404940128326416,1.7724347114562988,GAMMA_equal_network48_36_consensus,0,0,22.19714319705963,0,,,paper_IQR_median,0.0
107,11.882458925247192,0.1472542509436607,2.8451988697052,29,40,28,28,28.0,0.8735649486382802,13.420387327671053,0.1441447921097278,4.020220756530762,1.5379284024238604,1.5379284024238604,12.651423126459122,0.1456995215266942,3.432709813117981,GAMMA_equal_network48_36_consensus,0,0,12.651423126459122,0,,,paper_IQR_median,0.0
112,11.634348392486572,0.1528370678424835,5.110054016113281,11,40,9,9,9.0,0.775311234096686,11.297951221466064,0.0323074012994766,5.858543395996094,-0.3363971710205078,0.3363971710205078,11.466149806976318,0.09257223457098,5.484298706054688,GAMMA_equal_network48_36_consensus,0,0,11.466149806976318,0,,,paper_IQR_median,0.0
115,18.36258542537689,0.2045608460903167,2.9747772216796875,6,40,5,5,5.0,0.7826966047286987,19.398207187652588,0.2996119558811188,2.509885787963867,1.0356217622756994,1.0356217622756994,18.88039630651474,0.2520864009857177,2.7423315048217773,GAMMA_equal_network48_36_consensus,0,0,18.88039630651474,0,,,paper_IQR_median,0.0
118,15.072941601276398,0.1235407367348671,1.444868564605713,13,40,12,12,11.0,0.8043577248851458,14.108223795890808,0.1154534108936786,1.2417006492614746,-0.9647178053855896,0.9647178053855896,14.590582698583605,0.1194970738142728,1.3432846069335938,GAMMA_equal_network48_36_consensus,0,0,14.590582698583605,0,,,paper_IQR_median,0.0
120,13.666087448596954,0.0411057099699974,0.5589931011199951,11,40,10,10,8.0,0.7902406944582859,13.241432070732117,0.1070328503847122,0.5732054710388184,-0.4246553778648376,0.4246553778648376,13.453759759664536,0.0740692801773548,0.5660992860794067,GAMMA_equal_network48_36_consensus,0,0,13.453759759664536,0,,,paper_IQR_median,0.0
127,19.03071439266205,0.1563859283924102,2.868514060974121,15,40,15,15,15.0,0.7825403138995171,17.81243884563446,0.1264196634292602,4.007820129394531,-1.218275547027588,1.218275547027588,18.42157661914825,0.1414027959108352,3.438167095184326,GAMMA_equal_network48_36_consensus,0,0,18.42157661914825,0,,,paper_IQR_median,0.0
134,17.189906999468803,0.2337252646684646,1.7371273040771484,22,40,20,20,19.0,0.78675876557827,17.1023917645216,0.1766452044248581,1.6627073287963867,-0.0875152349472045,0.0875152349472045,17.1461493819952,0.2051852345466613,1.6999173164367676,GAMMA_equal_network48_36_consensus,0,0,17.1461493819952,0,,,paper_IQR_median,0.0
135,16.13793360441923,0.1173956133425235,2.5503990650177,20,40,16,16,16.0,0.7656582646692792,17.4174717515707,0.1336747258901596,3.169656991958618,1.2795381471514702,1.2795381471514702,16.777702677994967,0.1255351696163415,2.860028028488159,GAMMA_equal_network48_36_consensus,0,0,16.777702677994967,0,,,paper_IQR_median,0.0
136,14.7141655087471,0.030517466366291,2.145149707794189,8,40,8,8,7.0,0.7977957874536514,13.631501078605652,0.1266004592180252,1.8910176753997805,-1.082664430141449,1.082664430141449,14.172833293676376,0.0785589627921581,2.018083691596985,GAMMA_equal_network48_36_consensus,0,0,14.172833293676376,0,,,paper_IQR_median,0.0
144,14.0292609333992,0.041455753147602,0.1810007095336914,5,40,5,5,4.0,0.7709035609538356,13.244776487350464,0.0630227085202932,0.3943376541137695,-0.7844844460487366,0.7844844460487366,13.637018710374832,0.0522392308339475,0.2876691818237304,GAMMA_equal_network48_36_consensus,0,0,13.637018710374832,0,,,paper_IQR_median,0.0
145,17.866052627563477,0.2640662789344787,5.035858392715454,13,40,13,13,4.0,0.785537221779426,19.214585304260254,0.1395893692970276,5.348273754119873,1.3485326766967773,1.3485326766967773,18.540318965911865,0.2713952697813511,1.75025475025177,GAMMA_equal_network48_36_consensus,0,0,14.642406582832336,1,1.0,1.3485326766967773,dual_network_spatial_upper_plateau,3.897912383079529
146,18.858859539031982,0.2080665379762649,6.9798338413238525,23,40,23,23,23.0,0.7650429736822844,17.06264066696167,0.309063971042633,4.963742971420288,-1.7962188720703125,1.7962188720703125,17.960750102996826,0.2585652545094489,5.97178840637207,GAMMA_equal_network48_36_consensus,0,0,17.960750102996826,0,,,paper_IQR_median,0.0
157,18.6665096282959,0.0817248150706291,5.597025871276856,18,40,17,17,10.0,0.7811047546565533,18.20176601409912,0.260185182094574,4.387646675109863,-0.46474361419677734,0.46474361419677734,18.43413782119751,0.17609269078820944,2.8315083980560303,GAMMA_equal_network48_36_consensus,0,0,16.51480609178543,1,1.0,0.46474361419677734,dual_network_spatial_upper_plateau,1.9193317294120789
160,22.03834223747253,0.3351122736930847,2.7242865562438965,64,40,60,60,59.0,0.7995932108412186,19.70663782954216,0.3182996660470962,3.7928872108459473,-2.3317044079303706,2.3317044079303706,20.872490033507347,0.3267059698700905,3.258586883544922,GAMMA_equal_network48_36_consensus,0,0,20.872490033507347,0,,,paper_IQR_median,0.0
161,17.894061915576458,0.1539580076932907,3.8672032356262207,47,40,47,47,47.0,0.7935001620401939,16.779509410262108,0.1754531860351562,2.924593448638916,-1.11455250531435,1.11455250531435,17.336785662919283,0.1647055968642234,3.3958983421325684,GAMMA_equal_network48_36_consensus,0,0,17.336785662919283,0,,,paper_IQR_median,0.0
163,17.81820934265852,0.2762379944324493,3.240018367767334,24,40,23,23,23.0,0.7867432379474243,18.055929705500603,0.2785715162754059,5.380937576293945,0.2377203628420829,0.2377203628420829,17.93706952407956,0.2774047553539276,4.31047797203064,GAMMA_equal_network48_36_consensus,0,0,17.93706952407956,0,,,paper_IQR_median,0.0
164,18.31436099857092,0.1213414259254932,6.345995187759399,6,40,6,6,6.0,0.7672781553119421,17.620707377791405,0.1125227659940719,3.580166816711426,-0.6936536207795143,0.6936536207795143,17.967534188181162,0.1169320959597825,4.963081002235413,GAMMA_equal_network48_36_consensus,0,0,17.967534188181162,0,,,paper_IQR_median,0.0
166,4.997045338153839,0.1572117283940315,1.926313161849976,12,40,10,10,10.0,0.7921482104187211,5.783402234315872,0.074688546359539,1.308165729045868,0.7863568961620331,0.7863568961620331,5.390223786234856,0.1159501373767852,1.617239445447922,GAMMA_equal_network48_36_consensus,0,0,5.390223786234856,0,,,paper_IQR_median,0.0
169,25.78285738825798,0.3883439302444458,2.1200766563415527,6,40,6,6,5.0,0.7962562975784143,26.80550530552864,0.3334174156188965,2.7699499130249023,1.0226479172706604,1.0226479172706604,26.29418134689331,0.3608806729316711,2.4450132846832275,GAMMA_equal_network48_36_consensus,0,0,26.29418134689331,0,,,paper_IQR_median,0.0
170,20.5980076789856,0.2200217023491859,6.323854446411133,118,40,116,116,116.0,0.8557747816666961,18.19689512252808,0.3018856346607208,4.199865341186523,-2.4011125564575195,2.4011125564575195,19.39745140075684,0.2609536685049534,5.261859893798828,GAMMA_equal_network48_36_consensus,0,0,19.39745140075684,0,,,paper_IQR_median,0.0
171,54.19371013343334,0.1181881204247474,1.5444698333740234,13,40,11,11,11.0,0.8104293160140514,56.21394072473049,0.2805721759796142,1.663532257080078,2.0202305912971497,2.0202305912971497,55.20382542908192,0.1993801482021808,1.6040010452270508,GAMMA_equal_network48_36_consensus,0,0,55.20382542908192,0,,,paper_IQR_median,0.0
180,52.06690299510956,0.2446544468402862,2.9115028381347656,40,40,8,8,8.0,0.7764971411476532,50.39619302749634,0.3737974166870117,1.244797706604004,-1.6707099676132202,1.6707099676132202,51.23154801130295,0.309225931763649,2.0781502723693848,GAMMA_equal_network48_36_consensus,0,0,51.23154801130295,0,,,paper_IQR_median,0.0
183,25.15306282043457,0.1554604470729828,6.045934677124023,19,40,17,17,5.0,0.7956330118079981,23.53740882873535,0.176802709698677,7.017379760742188,-1.6156539916992188,1.6156539916992188,24.34523582458496,0.22894051671028137,1.8118219375610352,GAMMA_equal_network48_36_consensus,0,0,16.0234392285347,1,1.0,1.6156539916992188,dual_network_spatial_upper_plateau,8.321796596050262
184,17.83671808242798,0.2547806948423385,3.201372265815735,21,40,18,18,18.0,0.7877606560165683,16.205424785614014,0.3526244461536407,1.8466533422470093,-1.6312932968139648,1.6312932968139648,17.021071434020996,0.3037025704979896,2.524012804031372,GAMMA_equal_network48_36_consensus,0,0,17.021071434020996,0,,,paper_IQR_median,0.0
185,11.14010238647461,0.1622920036315918,3.1003064662218094,66,40,63,63,61.0,0.7996711848924557,10.35925005376339,0.5257514715194702,3.336005687713623,-0.7808523327112198,0.7808523327112198,10.749676220119,0.344021737575531,3.218156076967716,GAMMA_equal_network48_36_consensus,0,0,10.749676220119,0,,,paper_IQR_median,0.0
186,30.256821513175964,0.2292179837822914,2.5302443504333496,50,40,48,48,48.0,0.8172025371265288,30.551106929779053,0.32734315097332,4.835679531097412,0.2942854166030884,0.2942854166030884,30.40396422147751,0.2782805673778057,3.682961940765381,GAMMA_equal_network48_36_consensus,0,0,30.40396422147751,0,,,paper_IQR_median,0.0
187,24.38037469983101,0.2080660313367843,1.9162335395812988,21,18,20,20,20.0,0.7815351077976326,25.6098681986332,0.2408538907766342,2.956768035888672,1.2294934988021886,1.2294934988021886,24.9951214492321,0.2244599610567092,2.4365007877349854,GAMMA_equal_network48_36_consensus,0,0,24.9951214492321,0,,,paper_IQR_median,0.0
188,10.16613268852234,0.2459432631731033,1.878464698791504,14,40,13,13,11.0,0.7707579781611761,9.296452045440674,0.2904545664787292,4.23010778427124,-0.8696806430816668,0.8696806430816668,9.731292366981506,0.2681989148259162,3.054286241531372,GAMMA_equal_network48_36_consensus,0,0,9.731292366981506,0,,,paper_IQR_median,0.0
189,21.707843273878098,0.3262052536010742,1.8704795837402344,20,34,19,19,19.0,0.7596659486492475,23.12268641591072,0.384291410446167,3.4954404830932617,1.4148431420326233,1.4148431420326233,22.41526484489441,0.3552483320236206,2.682960033416748,GAMMA_equal_network48_36_consensus,0,0,22.41526484489441,0,,,paper_IQR_median,0.0
190,6.186487674713135,0.1583782956004142,4.13909387588501,25,36,24,24,24.0,0.8207142148166895,6.128558158874512,0.2272461801767349,1.3499603271484375,-0.057929515838623,0.057929515838623,6.157522916793823,0.1928122378885745,2.744527101516724,GAMMA_equal_network48_36_consensus,0,0,6.157522916793823,0,,,paper_IQR_median,0.0
192,12.469086784869432,0.3347013592720032,2.566981613636017,10,40,9,9,9.0,0.7667837652067343,11.908128023147585,0.4480740129947662,2.407242178916931,-0.5609587617218477,0.5609587617218477,12.188607404008508,0.3913876861333847,2.487111896276474,GAMMA_equal_network48_36_consensus,0,0,12.188607404008508,0,,,paper_IQR_median,0.0
194,22.973052978515625,0.1156957373023033,2.783453941345215,77,40,29,29,7.0,0.8111914203812679,21.013599395751953,0.1425351649522781,2.9529237747192383,-1.9594535827636719,1.9594535827636719,21.99332618713379,0.12342237308621407,1.8645415306091309,GAMMA_equal_network48_36_consensus,0,0,19.73992240428925,1,1.0,1.9594535827636719,dual_network_spatial_upper_plateau,2.25340378284454
195,25.006519615650177,0.2338727712631225,1.784646987915039,54,40,49,49,45.0,0.907032830019792,23.121672451496124,0.338655561208725,3.2918052673339844,-1.8848471641540527,1.8848471641540527,24.06409603357315,0.2862641662359237,2.538226127624512,GAMMA_equal_network48_36_consensus,0,0,24.06409603357315,0,,,paper_IQR_median,0.0
199,18.957345962524414,0.3414180278778076,4.319088935852051,65,40,59,59,14.0,0.8026901024083296,19.137422561645508,0.4456574320793152,5.390753746032715,0.18007659912109375,0.18007659912109375,19.04738426208496,0.46497420221567154,1.372307538986206,GAMMA_equal_network48_36_consensus,0,0,14.34146025404334,1,1.0,0.18007659912109375,dual_network_spatial_upper_plateau,4.70592400804162
205,14.742668628692629,0.1390433460474014,4.082384765148163,11,40,11,11,11.0,0.7836212900777658,14.196719884872437,0.517501175403595,2.0334938764572144,-0.5459487438201922,0.5459487438201922,14.469694256782532,0.3282722607254982,3.0579393208026886,GAMMA_equal_network48_36_consensus,0,0,14.469694256782532,0,,,paper_IQR_median,0.0
211,15.53505802154541,0.0688589140772819,4.873706817626953,25,40,25,25,9.0,0.8576532788574696,15.392230987548828,0.2360133826732635,5.194880485534668,-0.14282703399658203,0.14282703399658203,15.46364450454712,0.2943180575966835,1.0174245834350586,GAMMA_equal_network48_36_consensus,0,0,13.3367338180542,1,1.0,0.14282703399658203,dual_network_spatial_upper_plateau,2.12691068649292
212,8.818999364972115,0.1399180591106414,1.104112148284912,12,40,12,12,12.0,0.7959921633203824,9.094745114445686,0.1573485732078552,1.1881628036499023,0.2757457494735718,0.2757457494735718,8.9568722397089,0.1486333161592483,1.1461374759674072,GAMMA_equal_network48_36_consensus,0,0,8.9568722397089,0,,,paper_IQR_median,0.0
214,8.54834470152855,0.1064699776470661,5.446507453918457,18,40,18,18,18.0,0.7961806339832643,7.996478073298931,0.1306188963353634,4.917585909366608,-0.5518666282296181,0.5518666282296181,8.27241138741374,0.1185444369912147,5.182046681642532,GAMMA_equal_network48_36_consensus,0,0,8.27241138741374,0,,,paper_IQR_median,0.0
215,25.39380097389221,0.5657361745834351,4.974689960479736,20,40,20,20,20.0,0.7941943599532049,24.343060731887817,0.6965205371379852,4.794644355773926,-1.050740242004391,1.050740242004391,24.86843085289001,0.6311283558607101,4.884667158126831,GAMMA_equal_network48_36_consensus,0,0,24.86843085289001,0,,,paper_IQR_median,0.0
216,9.19384679198265,0.0786790549755096,2.6924920082092285,40,40,39,39,39.0,0.8888921588659286,9.10276973247528,0.1024811863899231,2.521921157836914,-0.09107705950737,0.09107705950737,9.148308262228966,0.0905801206827163,2.6072065830230717,GAMMA_equal_network48_36_consensus,0,0,9.148308262228966,0,,,paper_IQR_median,0.0
221,22.512354850769043,0.5111772119998932,1.3649559020996094,11,40,11,11,10.0,0.7724554367984334,21.84963819384575,0.2974992170929909,1.7727479934692385,-0.6627166569232941,0.6627166569232941,22.1809965223074,0.404338214546442,1.5688519477844238,GAMMA_equal_network48_36_consensus,0,0,22.1809965223074,0,,,paper_IQR_median,0.0
223,13.522883772850037,0.2124077081680297,5.162922859191895,40,40,38,38,38.0,0.8142077041169007,13.789097338914871,0.2257282212376594,3.759566307067871,0.2662135660648346,0.2662135660648346,13.655990555882454,0.2190679647028445,4.461244583129883,GAMMA_equal_network48_36_consensus,0,0,13.655990555882454,0,,,paper_IQR_median,0.0
226,14.882510274648666,0.1698560267686844,1.7493562698364258,85,40,80,80,73.0,0.8482385004560152,16.213778376579285,0.1460586935281753,1.3570852279663086,1.3312681019306185,1.3312681019306185,15.548144325613976,0.1579573601484298,1.5532207489013672,GAMMA_equal_network48_36_consensus,0,0,15.548144325613976,0,,,paper_IQR_median,0.0
228,1.061384156346321,0.210560068488121,1.245605155825615,4,40,4,4,4.0,0.7924038312242676,1.9579526782035828,0.1529902145266533,1.5626937597990036,0.8965685218572617,0.8965685218572617,1.509668417274952,0.1817751415073871,1.4041494578123093,GAMMA_equal_network48_36_consensus,0,0,1.509668417274952,0,,,paper_IQR_median,0.0
229,21.666810274124146,0.2540104389190674,2.8794145584106445,63,40,61,61,60.0,0.7885208673154314,19.92381072044373,0.467969000339508,2.944575309753418,-1.7429995536804164,1.7429995536804164,20.795310497283936,0.3609897196292877,2.9119949340820312,GAMMA_equal_network48_36_consensus,0,0,20.795310497283936,0,,,paper_IQR_median,0.0
231,8.55666571855545,0.128184899687767,3.7380659580230713,66,40,63,63,62.0,0.8680400252342224,10.26625056564808,0.1063803136348724,4.668515682220459,1.7095848470926305,1.7095848470926305,9.411458142101765,0.1172826066613197,4.203290820121765,GAMMA_equal_network48_36_consensus,0,0,9.411458142101765,0,,,paper_IQR_median,0.0
232,18.18985539674759,0.1871204078197479,5.611250877380371,63,40,63,63,63.0,0.8355973667154709,17.286662057042122,0.2388114184141159,6.518896102905273,-0.9031933397054672,0.9031933397054672,17.738258726894855,0.2129659131169319,6.065073490142822,GAMMA_equal_network48_36_consensus,0,0,17.738258726894855,0,,,paper_IQR_median,0.0
233,24.78730569779873,0.3032743483781814,2.9584879875183105,83,40,82,82,80.0,0.8629242647439241,24.807443007826805,0.4132985472679138,3.289949893951416,0.0201373100280761,0.0201373100280761,24.797374352812767,0.3582864478230476,3.1242189407348637,GAMMA_equal_network48_36_consensus,0,0,24.797374352812767,0,,,paper_IQR_median,0.0
235,23.0717857927084,0.3068787008523941,3.505289077758789,27,40,27,27,26.0,0.8015079914281766,22.711791329085827,0.5133847594261169,2.932926177978516,-0.3599944636225736,0.3599944636225736,22.891788560897112,0.4101317301392555,3.2191076278686523,GAMMA_equal_network48_36_consensus,0,0,22.891788560897112,0,,,paper_IQR_median,0.0
236,9.552201271057127,0.1203429885208606,3.01075541973114,70,40,68,68,60.0,0.8127462401365241,9.980446100234984,0.2441389560699463,4.169833540916443,0.4282448291778564,0.4282448291778564,9.766323685646055,0.1822409722954034,3.5902944803237915,GAMMA_equal_network48_36_consensus,0,0,9.766323685646055,0,,,paper_IQR_median,0.0
239,8.98682713508606,0.1506469324231147,2.1167197227478027,27,40,27,27,26.0,0.8077688844253619,7.532525420188904,0.1412763148546219,3.312009334564209,-1.4543017148971558,1.4543017148971558,8.259676277637482,0.1459616236388682,2.714364528656006,GAMMA_equal_network48_36_consensus,0,0,8.259676277637482,0,,,paper_IQR_median,0.0
240,9.98969680070877,0.1109276488423347,2.781343460083008,19,40,19,19,19.0,0.8344236916551987,7.0274897813797,0.1486839652061462,2.207241535186768,-2.962207019329071,2.962207019329071,8.508593291044235,0.1298058070242404,2.494292497634888,GAMMA_equal_network48_36_consensus,0,0,8.508593291044235,0,,,paper_IQR_median,0.0
245,6.214038372039795,0.0371753890067338,5.352235794067383,14,40,14,14,14.0,0.7783605953057607,5.858457088470459,0.068959791213274,4.835225582122803,-0.3555812835693359,0.3555812835693359,6.036247730255127,0.0530675901100039,5.093730688095093,GAMMA_equal_network48_36_consensus,0,0,6.036247730255127,0,,,paper_IQR_median,0.0
248,2.684733390808105,0.1324909180402755,1.187821626663208,31,40,28,28,25.0,0.7921746236582597,2.935733795166016,0.1336108706891536,1.1206090450286863,0.251000404357911,0.251000404357911,2.8102335929870605,0.1330508943647145,1.1542153358459473,GAMMA_equal_network48_36_consensus,0,0,2.8102335929870605,0,,,paper_IQR_median,0.0
249,4.230507850646973,0.197003960609436,1.833230137825012,23,40,21,21,21.0,0.7681142191092173,4.020743370056152,0.2039790228009224,1.8400638103485107,-0.2097644805908203,0.2097644805908203,4.1256256103515625,0.2004914917051792,1.8366469740867613,GAMMA_equal_network48_36_consensus,0,0,4.1256256103515625,0,,,paper_IQR_median,0.0
250,16.285421460866928,0.2745956033468246,2.913353204727173,68,40,64,64,62.0,0.7913875758337477,14.896636962890623,0.5210124254226685,3.661102533340454,-1.3887844979763049,1.3887844979763049,15.591029211878777,0.3978040143847465,3.287227869033813,GAMMA_equal_network48_36_consensus,0,0,15.591029211878777,0,,,paper_IQR_median,0.0
252,34.58324012160301,0.4898980855941772,6.229011535644531,30,40,29,29,29.0,0.8322251078983148,34.993292808532715,0.6061831712722778,4.554464340209961,0.4100526869297027,0.4100526869297027,34.78826646506786,0.5480406284332275,5.391737937927246,GAMMA_equal_network48_36_consensus,0,0,34.78826646506786,0,,,paper_IQR_median,0.0
272,18.78081226348877,0.1536808609962463,3.058691024780273,28,40,27,27,27.0,0.8080397242059311,19.601130962371823,0.2513557076454162,2.415455818176269,0.8203186988830531,0.8203186988830531,19.190971612930294,0.2025182843208312,2.737073421478271,GAMMA_equal_network48_36_consensus,0,0,19.190971612930294,0,,,paper_IQR_median,0.0
273,25.21015775203705,0.4578735828399658,3.9027633666992174,5,40,5,5,5.0,0.7641679390023152,22.78102397918701,0.4503562450408935,5.371957778930664,-2.4291337728500366,2.4291337728500366,23.99559086561203,0.4541149139404297,4.637360572814941,GAMMA_equal_network48_36_consensus,0,0,23.99559086561203,0,,,paper_IQR_median,0.0
277,5.840963175985962,0.4219755828380584,1.668644306017086,6,40,6,6,6.0,0.7668884691471854,7.058297038078308,0.540821373462677,1.4097172319889069,1.217333862092346,1.217333862092346,6.449630107032135,0.4813984781503677,1.5391807690029964,GAMMA_equal_network48_36_consensus,0,0,6.449630107032135,0,,,paper_IQR_median,0.0
286,27.23845744132996,0.3395112007856369,3.2344236373901367,7,40,6,6,6.0,0.7918741625423232,26.36803662776947,0.3133427053689956,2.621119499206543,-0.8704208135604894,0.8704208135604894,26.803247034549717,0.3264269530773163,2.92777156829834,GAMMA_equal_network48_36_consensus,0,0,26.803247034549717,0,,,paper_IQR_median,0.0
292,45.425617434084415,0.3853832483291626,1.0876121520996094,65,40,15,15,14.0,0.8470391513158878,45.91914933361113,0.6488330960273743,1.212545394897461,0.4935318995267153,0.4935318995267153,45.67238338384777,0.5171081721782684,1.1500787734985352,GAMMA_equal_network48_36_consensus,0,0,45.67238338384777,0,,,paper_IQR_median,0.0
312,12.036016881465912,0.203416645526886,3.955142974853516,22,40,22,22,21.0,0.7826919928193092,11.759259402751924,0.2382616996765136,2.8778483867645264,-0.2767574787139875,0.2767574787139875,11.897638142108915,0.2208391726016997,3.416495680809021,GAMMA_equal_network48_36_consensus,0,0,11.897638142108915,0,,,paper_IQR_median,0.0
315,12.089732825756071,0.1083556711673736,1.8800609111785889,10,40,10,10,10.0,0.7867136523127556,12.500278890132904,0.144515261054039,2.1340081691741943,0.4105460643768328,0.4105460643768328,12.295005857944489,0.1264354661107063,2.007034540176392,GAMMA_equal_network48_36_consensus,0,0,12.295005857944489,0,,,paper_IQR_median,0.0
342,51.21976161003113,0.3381099104881286,1.726823806762695,26,40,11,11,11.0,0.798173456142346,49.45951592922211,0.5981140732765198,2.344266891479492,-1.760245680809021,1.760245680809021,50.33963876962662,0.4681119918823242,2.0355453491210938,GAMMA_equal_network48_36_consensus,0,0,50.33963876962662,0,,,paper_IQR_median,0.0
344,22.227930068969727,0.1856702789664268,1.7348527908325195,94,40,92,92,86.0,0.8373905153324206,20.87326097488404,0.2102989554405212,2.131087303161621,-1.3546690940856898,1.3546690940856898,21.55059552192688,0.197984617203474,1.9329700469970703,GAMMA_equal_network48_36_consensus,0,0,21.55059552192688,0,,,paper_IQR_median,0.0
346,21.947243690490723,0.2050674557685852,0.7850613594055176,10,40,10,10,9.0,0.8413698089619478,20.2695152759552,0.0945545732975006,0.745814323425293,-1.6777284145355225,1.6777284145355225,21.10837948322296,0.1498110145330429,0.7654378414154053,GAMMA_equal_network48_36_consensus,0,0,21.10837948322296,0,,,paper_IQR_median,0.0
349,13.546954035758972,0.1390467584133148,1.5766334533691406,25,40,15,15,13.0,0.8210097004969915,13.20773458480835,0.1357119679450988,2.752038955688477,-0.3392194509506225,0.3392194509506225,13.37734431028366,0.1373793631792068,2.1643362045288086,GAMMA_equal_network48_36_consensus,0,0,13.37734431028366,0,,,paper_IQR_median,0.0
373,20.38372683525085,0.1861188262701034,1.5023484230041504,8,40,8,8,7.0,0.8238306045532227,17.954104900360107,0.2152070850133896,1.4443120956420898,-2.4296219348907435,2.4296219348907435,19.16891586780548,0.2006629556417465,1.47333025932312,GAMMA_equal_network48_36_consensus,0,0,19.16891586780548,0,,,paper_IQR_median,0.0
377,19.04387366771698,0.0921085998415947,1.149704933166504,7,40,7,7,7.0,0.7840178447465102,15.50634741783142,0.2560066282749176,1.6993818283081057,-3.537526249885561,3.537526249885561,17.2751105427742,0.1740576140582561,1.424543380737305,GAMMA_equal_network48_36_consensus,0,0,17.2751105427742,0,,,paper_IQR_median,0.0
381,20.99214923381805,0.1519150957465171,2.9529895782470703,6,40,6,6,6.0,0.7631361248592535,18.696011304855347,0.1982973217964172,3.3865857124328613,-2.296137928962704,2.296137928962704,19.8440802693367,0.1751062087714671,3.169787645339966,GAMMA_equal_network48_36_consensus,0,0,19.8440802693367,0,,,paper_IQR_median,0.0
439,10.487300038337708,0.2019726932048797,5.148327827453613,58,30,55,55,55.0,0.7869781653086344,10.081881761550903,0.3096637725830078,5.146971702575684,-0.4054182767868042,0.4054182767868042,10.284590899944304,0.2558182328939438,5.147649765014648,GAMMA_equal_network48_36_consensus,0,0,10.284590899944304,0,,,paper_IQR_median,0.0
440,13.564157962799072,0.2086141109466552,1.6015195846557615,16,40,15,15,13.0,0.7617340305199226,13.74185860157013,0.2017646953463554,3.419841289520264,0.1777006387710571,0.1777006387710571,13.6530082821846,0.2051894031465053,2.5106804370880127,GAMMA_equal_network48_36_consensus,0,0,13.6530082821846,0,,,paper_IQR_median,0.0
441,15.11790931224823,0.3442566990852356,5.241115570068359,35,40,33,33,33.0,0.7861633369078239,16.070874333381653,0.3996438682079315,5.761495590209961,0.9529650211334229,0.9529650211334229,15.59439182281494,0.3719502836465835,5.50130558013916,GAMMA_equal_network48_36_consensus,0,0,15.59439182281494,0,,,paper_IQR_median,0.0
465,12.300312042236328,0.0687991678714752,4.951504707336426,8,29,7,7,7.0,0.761184586212039,8.557419061660767,0.0867759883403778,2.943176746368408,-3.7428929805755615,3.7428929805755615,10.428865551948547,0.0777875781059265,3.947340726852417,GAMMA_equal_network48_36_consensus,0,0,10.428865551948547,0,,,paper_IQR_median,0.0
471,10.534455180168152,0.1351712495088577,3.686901092529297,38,40,37,37,37.0,0.7917093072707454,10.944334149360657,0.1440500319004058,4.565717697143555,0.4098789691925049,0.4098789691925049,10.739394664764404,0.1396106407046317,4.126309394836426,GAMMA_equal_network48_36_consensus,0,0,10.739394664764404,0,,,paper_IQR_median,0.0
491,16.43767499923706,0.4342332780361175,3.7109642028808594,15,40,15,15,15.0,0.7899448995788892,17.07770538330078,0.3580002188682556,3.025247573852539,0.6400303840637207,0.6400303840637207,16.75769019126892,0.3961167484521866,3.368105888366699,GAMMA_equal_network48_36_consensus,0,0,16.75769019126892,0,,,paper_IQR_median,0.0
492,16.62596321105957,0.2736343443393707,4.502192974090576,12,40,11,11,5.0,0.7678916547447443,16.388790130615234,0.2994930446147918,5.080105304718018,-0.23717308044433594,0.23717308044433594,16.507376670837402,0.34070737659931183,1.2804408073425293,GAMMA_equal_network48_36_consensus,0,0,12.328942716121674,1,1.0,0.23717308044433594,dual_network_spatial_upper_plateau,4.178433954715729
493,15.474870443344116,0.1369546055793762,4.007396697998047,27,40,27,27,27.0,0.7815030335138241,16.61040222644806,0.2038464099168777,4.542400360107422,1.1355317831039429,1.1355317831039429,16.042636334896088,0.1704005077481269,4.274898529052734,GAMMA_equal_network48_36_consensus,0,0,16.042636334896088,0,,,paper_IQR_median,0.0
494,14.556042194366457,0.1271761804819107,2.3642654418945312,39,40,39,39,37.0,0.7808469117929538,15.71280300617218,0.1131749153137207,2.9470510482788086,1.156760811805723,1.156760811805723,15.134422600269318,0.1201755478978157,2.65565824508667,GAMMA_equal_network48_36_consensus,0,0,15.134422600269318,0,,,paper_IQR_median,0.0
506,15.77656602859497,0.2321820706129074,3.641796112060547,10,40,9,9,9.0,0.7606412457923094,15.854024052619934,0.1093582808971405,3.442483901977539,0.0774580240249633,0.0774580240249633,15.815295040607452,0.1707701757550239,3.542140007019043,GAMMA_equal_network48_36_consensus,0,0,15.815295040607452,0,,,paper_IQR_median,0.0
509,12.662921786308289,0.1483643949031829,5.389503479003906,23,40,21,21,21.0,0.8109763662020365,13.410977482795715,0.1658830642700195,4.896103858947754,0.7480556964874268,0.7480556964874268,13.036949634552002,0.1571237295866012,5.14280366897583,GAMMA_equal_network48_36_consensus,0,0,13.036949634552002,0,,,paper_IQR_median,0.0
510,11.114107608795166,0.1690288782119751,1.2734739780426023,7,40,7,7,7.0,0.8141672822336355,10.737807750701904,0.2489657551050186,1.7794053554534912,-0.3762998580932617,0.3762998580932617,10.925957679748535,0.2089973166584968,1.5264396667480469,GAMMA_equal_network48_36_consensus,0,0,10.925957679748535,0,,,paper_IQR_median,0.0
511,7.657709121704102,0.0898484922945499,3.569496154785156,34,40,34,34,34.0,0.7908604489639401,7.051083564758301,0.1383294388651847,4.0810418128967285,-0.6066255569458008,0.6066255569458008,7.354396343231201,0.1140889655798673,3.8252689838409424,GAMMA_equal_network48_36_consensus,0,0,7.354396343231201,0,,,paper_IQR_median,0.0
518,17.12097203731537,0.2165445834398269,3.361083030700684,10,40,9,9,9.0,0.7750076098988453,16.04533362388611,0.1714517921209335,1.525130271911621,-1.0756384134292605,1.0756384134292605,16.58315283060074,0.1939981877803802,2.4431066513061523,GAMMA_equal_network48_36_consensus,0,0,16.58315283060074,0,,,paper_IQR_median,0.0
523,15.917561531066896,0.2486450970172882,1.82131576538086,33,40,33,33,31.0,0.8163273005435864,15.11706519126892,0.0912668257951736,1.7531538009643557,-0.8004963397979772,0.8004963397979772,15.517313361167908,0.1699559614062309,1.7872347831726076,GAMMA_equal_network48_36_consensus,0,0,15.517313361167908,0,,,paper_IQR_median,0.0
528,20.96392059326172,0.3137439787387848,4.7426605224609375,9,40,9,9,9.0,0.7860198840498924,19.819700956344604,0.3543373048305511,1.3723125457763672,-1.1442196369171145,1.1442196369171145,20.39181077480316,0.3340406417846679,3.0574865341186523,GAMMA_equal_network48_36_consensus,0,0,20.39181077480316,0,,,paper_IQR_median,0.0
530,19.60824227333069,0.1473907977342605,4.170578241348267,22,40,9,9,8.0,0.8012286915133396,17.694878101348877,0.3766527473926544,4.131324768066406,-1.9133641719818115,1.9133641719818115,18.651560187339783,0.2620217725634575,4.150951504707336,GAMMA_equal_network48_36_consensus,0,0,18.651560187339783,0,,,paper_IQR_median,0.0
534,19.88990092277527,0.2645067274570465,5.166049957275391,12,40,11,11,11.0,0.7701196993390719,18.505535364151,0.2630625069141388,2.865045547485352,-1.3843655586242676,1.3843655586242676,19.19771814346313,0.2637846171855926,4.015547752380371,GAMMA_equal_network48_36_consensus,0,0,19.19771814346313,0,,,paper_IQR_median,0.0
535,14.907873630523682,0.1737072393298149,2.856164932250977,15,24,12,12,12.0,0.7816621478026111,15.905046939849854,0.2607496976852417,2.973201274871826,0.997173309326172,0.997173309326172,15.406460285186768,0.2172284685075283,2.9146831035614014,GAMMA_equal_network48_36_consensus,0,0,15.406460285186768,0,,,paper_IQR_median,0.0
540,15.811904788017271,0.3080398738384247,2.0865774154663086,21,40,18,18,18.0,0.7949565105761092,12.198580741882324,0.1152752265334129,2.723850011825561,-3.613324046134947,3.613324046134947,14.0052427649498,0.2116575501859188,2.405213713645935,GAMMA_equal_network48_36_consensus,0,0,14.0052427649498,0,,,paper_IQR_median,0.0
542,15.53643763065338,0.1685843542218208,4.330729246139526,17,40,16,16,16.0,0.8077954879651467,13.938566088676453,0.2674992978572845,3.9087512493133545,-1.597871541976927,1.597871541976927,14.737501859664915,0.2180418260395526,4.11974024772644,GAMMA_equal_network48_36_consensus,0,0,14.737501859664915,0,,,paper_IQR_median,0.0
547,28.839844346046448,0.1572764664888382,3.551774978637696,80,40,74,74,74.0,0.8150876322761178,28.210941195487976,0.1592149436473846,3.2814035415649414,-0.6289031505584717,0.6289031505584717,28.52539277076721,0.1582457050681114,3.4165892601013184,GAMMA_equal_network48_36_consensus,0,0,28.52539277076721,0,,,paper_IQR_median,0.0
550,30.766562670469284,0.2513563632965088,1.8571033477783203,241,40,159,159,157.0,0.8658253022780021,31.20869290828705,0.2348029315471649,3.055683135986328,0.4421302378177643,0.4421302378177643,30.98762778937817,0.2430796474218368,2.456393241882324,GAMMA_equal_network48_36_consensus,0,0,30.98762778937817,0,,,paper_IQR_median,0.0
555,14.949316024780272,0.2239976972341537,2.3769493103027344,17,40,17,17,17.0,0.8205527247240146,15.0018949508667,0.2860994040966034,3.2021169662475586,0.0525789260864275,0.0525789260864275,14.975605487823486,0.2550485506653785,2.7895331382751465,GAMMA_equal_network48_36_consensus,0,0,14.975605487823486,0,,,paper_IQR_median,0.0
558,28.183199167251587,0.2134479731321334,2.217405319213867,122,40,115,115,108.0,0.7968709661314886,26.800225496292114,0.3349431157112121,2.718223571777344,-1.3829736709594729,1.3829736709594729,27.49171233177185,0.2741955444216727,2.467814445495605,GAMMA_equal_network48_36_consensus,0,0,27.49171233177185,0,,,paper_IQR_median,0.0
559,13.78714632987976,0.1449043899774551,3.340559482574463,20,40,18,18,17.0,0.8072377027322849,13.352214694023132,0.1550517529249191,3.206259489059448,-0.4349316358566284,0.4349316358566284,13.569680511951448,0.1499780714511871,3.273409485816956,GAMMA_equal_network48_36_consensus,0,0,13.569680511951448,0,,,paper_IQR_median,0.0
562,30.949193954467773,0.2124680876731872,4.35815954208374,31,40,22,22,7.0,0.7876719711348414,28.849674224853516,0.2083243280649185,2.567450523376465,-2.099519729614258,2.099519729614258,29.899434089660645,0.4441095292568207,0.5006866455078125,GAMMA_equal_network48_36_consensus,0,0,27.73608835041523,1,1.0,2.099519729614258,dual_network_spatial_upper_plateau,2.1633457392454147
564,8.873120248317719,0.0440294984728097,2.125995635986328,28,40,28,28,26.0,0.8551291357725859,9.838297426700592,0.0513558983802795,4.440721273422241,0.9651771783828736,0.9651771783828736,9.355708837509155,0.0476926984265446,3.2833584547042847,GAMMA_equal_network48_36_consensus,0,0,9.355708837509155,0,,,paper_IQR_median,0.0
566,48.51541996002197,0.1701832562685012,2.439528465270996,93,40,72,72,72.0,0.8420471741507451,49.4100434333086,0.2251525521278381,5.189446449279785,0.8946234732866287,0.8946234732866287,48.96273169666529,0.1976679041981696,3.814487457275391,GAMMA_equal_network48_36_consensus,0,0,48.96273169666529,0,,,paper_IQR_median,0.0
568,44.25163269042969,0.2640082240104675,6.278533935546875,77,40,63,63,33.0,0.828442212815086,43.42853546142578,0.2369309961795807,6.945781707763672,-0.8230972290039062,0.8230972290039062,43.840084075927734,0.5452273786067963,1.97747802734375,GAMMA_equal_network48_36_consensus,0,0,40.7777710556984,1,1.0,0.8230972290039062,dual_network_spatial_upper_plateau,3.0623130202293325
569,20.373900890350345,0.0825943350791931,1.8616251945495603,39,40,30,30,30.0,0.88626611387978,21.0185387134552,0.129576101899147,2.276947498321533,0.6446378231048548,0.6446378231048548,20.69621980190277,0.10608521848917,2.069286346435547,GAMMA_equal_network48_36_consensus,0,0,20.69621980190277,0,,,paper_IQR_median,0.0
570,49.686843395233154,0.1358380913734436,2.854339599609375,12,40,11,11,11.0,0.7890510658423106,50.3883535861969,0.0785301886498928,2.961261749267578,0.7015101909637451,0.7015101909637451,50.03759849071503,0.1071841400116682,2.907800674438477,GAMMA_equal_network48_36_consensus,0,0,50.03759849071503,0,,,paper_IQR_median,0.0
572,49.1057562828064,0.1826447620987892,3.4711084365844727,20,40,18,18,18.0,0.7858604999879997,49.11469292640686,0.1465624198317527,3.370366096496582,0.0089366436004638,0.0089366436004638,49.11022460460663,0.1646035909652709,3.420737266540528,GAMMA_equal_network48_36_consensus,0,0,49.11022460460663,0,,,paper_IQR_median,0.0
577,25.15656566619873,0.5380700826644897,1.089616775512695,17,40,17,17,15.0,0.8289606558779875,26.442479372024536,0.61911940574646,1.3806018829345703,1.2859137058258057,1.2859137058258057,25.799522519111637,0.5785947442054749,1.2351093292236328,GAMMA_equal_network48_36_consensus,0,0,25.799522519111637,0,,,paper_IQR_median,0.0
579,18.31892192363739,0.2165604382753372,2.491976499557495,19,40,18,18,18.0,0.8000775196899971,17.286622405052185,0.374500572681427,3.0178377628326416,-1.032299518585205,1.032299518585205,17.802772164344788,0.2955305054783821,2.7549071311950684,GAMMA_equal_network48_36_consensus,0,0,17.802772164344788,0,,,paper_IQR_median,0.0
580,6.5738391280174255,0.107690192759037,7.367199063301086,58,40,58,58,58.0,0.8010366174081961,5.551733464002609,0.0613947268575429,7.434637904167175,-1.0221056640148165,1.0221056640148165,6.062786296010017,0.0845424598082899,7.400918483734131,GAMMA_equal_network48_36_consensus,0,0,6.062786296010017,0,,,paper_IQR_median,0.0
582,33.96430158615112,0.3577903807163238,2.045262336730957,18,40,15,15,15.0,0.8397887460887432,31.76151394844055,0.2485811337828636,1.2515296936035156,-2.2027876377105717,2.2027876377105717,32.86290776729584,0.3031857572495937,1.6483960151672363,GAMMA_equal_network48_36_consensus,0,0,32.86290776729584,0,,,paper_IQR_median,0.0
584,25.9560968875885,0.2038956508040428,5.4449896812438965,8,40,8,8,8.0,0.7590994328881304,24.083014845848083,0.4561713933944702,1.5315427780151367,-1.8730820417404173,1.8730820417404173,25.01955586671829,0.3300335220992565,3.4882662296295166,GAMMA_equal_network48_36_consensus,0,0,25.01955586671829,0,,,paper_IQR_median,0.0
600,18.916205883026123,0.2083670645952224,3.609414577484131,21,40,20,20,20.0,0.7938438799853126,17.669447898864746,0.1606474816799163,2.160121440887451,-1.246757984161377,1.246757984161377,18.292826890945435,0.1845072731375693,2.884768009185791,GAMMA_equal_network48_36_consensus,0,0,18.292826890945435,0,,,paper_IQR_median,0.0
601,21.1304235458374,0.4011341631412506,2.1453280448913574,7,40,6,6,6.0,0.7824531868100166,20.729533672332764,0.6358176171779633,0.959270477294922,-0.4008898735046351,0.4008898735046351,20.929978609085083,0.5184758901596069,1.5522992610931396,GAMMA_equal_network48_36_consensus,0,0,20.929978609085083,0,,,paper_IQR_median,0.0
604,16.419979572296143,0.1877897828817367,0.7960293292999268,57,35,6,6,5.0,0.7689904610936841,18.2440881729126,0.1832541045732796,0.5582411289215088,1.8241086006164584,1.8241086006164584,17.33203387260437,0.1855219437275081,0.6771352291107178,GAMMA_equal_network48_36_consensus,0,0,17.33203387260437,0,,,paper_IQR_median,0.0
605,23.583713591098785,0.1547852121293544,0.5767278671264648,4,40,4,4,4.0,0.7661249244119972,24.646648675203323,0.0525501407682895,1.1321954727172852,1.062935084104538,1.062935084104538,24.11518113315105,0.1036676764488219,0.854461669921875,GAMMA_equal_network48_36_consensus,0,0,24.11518113315105,0,,,paper_IQR_median,0.0
609,20.13785982131958,0.2486515194177627,4.750478744506836,77,40,57,57,57.0,0.7893450570603212,19.64276599884033,0.2149536907672882,5.796289443969727,-0.4950938224792516,0.4950938224792516,19.89031291007996,0.2318026050925254,5.273384094238281,GAMMA_equal_network48_36_consensus,0,0,19.89031291007996,0,,,paper_IQR_median,0.0
624,13.660131454467772,0.2214617803692817,3.953216314315796,10,40,10,10,10.0,0.7785632234687606,13.888777494430542,0.1674980595707893,4.0505211353302,0.2286460399627703,0.2286460399627703,13.774454474449158,0.1944799199700355,4.001868724822998,GAMMA_equal_network48_36_consensus,0,0,13.774454474449158,0,,,paper_IQR_median,0.0
627,18.63226681947708,0.2952979207038879,2.076385498046875,27,40,24,24,23.0,0.7783467763413986,18.146400928497314,0.3358496874570846,3.162982940673828,-0.4858658909797668,0.4858658909797668,18.3893338739872,0.3155738040804862,2.619684219360352,GAMMA_equal_network48_36_consensus,0,0,18.3893338739872,0,,,paper_IQR_median,0.0
630,18.9013067483902,0.1975699514150619,1.5791263580322266,5,40,5,5,5.0,0.7810941034307083,17.38362294435501,0.2407903671264648,2.678728103637696,-1.5176838040351903,1.5176838040351903,18.142464846372604,0.2191801592707633,2.128927230834961,GAMMA_equal_network48_36_consensus,0,0,18.142464846372604,0,,,paper_IQR_median,0.0
635,17.583280563354492,0.0973054431378841,1.978163480758667,20,40,20,20,20.0,0.7785852337256074,18.12459552288056,0.1147745549678802,2.1860568523406982,0.5413149595260656,0.5413149595260656,17.853938043117523,0.1060399990528821,2.0821101665496826,GAMMA_equal_network48_36_consensus,0,0,17.853938043117523,0,,,paper_IQR_median,0.0
636,16.737210750579834,0.1631858646869659,1.7912440299987793,16,40,14,14,11.0,0.7759561215837797,16.952932953834534,0.1516553089022636,2.652709007263184,0.2157222032546997,0.2157222032546997,16.845071852207184,0.1574205867946147,2.221976518630981,GAMMA_equal_network48_36_consensus,0,0,16.845071852207184,0,,,paper_IQR_median,0.0
658,21.72539329528809,0.2181488424539566,2.5613555908203125,1421,40,1378,1378,1357.0,0.8809601813554764,20.87979459762573,0.1914213821291923,3.7033867835998535,-0.8455986976623606,0.8455986976623606,21.30259394645691,0.2047851122915744,3.132371187210083,GAMMA_equal_network48_36_consensus,0,0,21.30259394645691,0,,,paper_IQR_median,0.0
660,20.96351331472397,0.1426482945680618,5.915388107299805,6,40,6,6,6.0,0.7609410562242072,17.710772335529327,0.276128888130188,4.913313388824463,-3.252740979194641,3.252740979194641,19.337142825126648,0.2093885913491249,5.414350748062134,GAMMA_equal_network48_36_consensus,0,0,19.337142825126648,0,,,paper_IQR_median,0.0
661,51.360451221466064,0.6022728681564331,0.6876564025878906,32,40,5,5,4.0,0.7860048146297534,51.862303376197815,0.7177887558937073,0.769500732421875,0.5018521547317505,0.5018521547317505,51.61137729883194,0.6600308120250702,0.7285785675048828,GAMMA_equal_network48_36_consensus,0,0,51.61137729883194,0,,,paper_IQR_median,0.0
662,18.176580395549536,0.2443467378616333,2.8767342567443848,16,40,16,16,16.0,0.7955577219836414,16.925518214702606,0.3262633979320526,2.574540615081787,-1.2510621808469296,1.2510621808469296,17.55104930512607,0.2853050678968429,2.725637435913086,GAMMA_equal_network48_36_consensus,0,0,17.55104930512607,0,,,paper_IQR_median,0.0
664,30.670652866363525,0.3163050413131714,2.6487722396850586,100,40,99,99,92.0,0.9216570903857548,30.22274160385132,0.4613916575908661,2.5358476638793945,-0.447911262512207,0.447911262512207,30.446697235107425,0.3888483494520187,2.5923099517822266,GAMMA_equal_network48_36_consensus,0,0,30.446697235107425,0,,,paper_IQR_median,0.0
673,26.47726166248321,0.2155557423830032,3.058189392089844,42,40,17,17,17.0,0.8077510378013054,26.726088404655457,0.202953428030014,3.228321075439453,0.2488267421722447,0.2488267421722447,26.601675033569336,0.2092545852065086,3.1432552337646484,GAMMA_equal_network48_36_consensus,0,0,26.601675033569336,0,,,paper_IQR_median,0.0
675,16.253989547491074,0.1996501013636589,3.417839765548706,34,40,32,32,32.0,0.7804336872262259,14.624635830521584,0.231416068971157,3.6512978076934814,-1.62935371696949,1.62935371696949,15.439312689006329,0.2155330851674079,3.5345687866210938,GAMMA_equal_network48_36_consensus,0,0,15.439312689006329,0,,,paper_IQR_median,0.0
676,14.663518518209456,0.2193510234355926,1.5176591873168943,16,40,15,15,15.0,0.8473072896401087,14.237341821193697,0.2874745875597,1.003988265991211,-0.4261766970157588,0.4261766970157588,14.450430169701576,0.2534128054976463,1.2608237266540527,GAMMA_equal_network48_36_consensus,0,0,14.450430169701576,0,,,paper_IQR_median,0.0
679,0.5340543836355209,0.2156711369752884,2.343042254447937,110,31,101,101,100.0,0.8286380066225927,0.2077324986457824,0.1265942603349685,2.5432702898979187,-0.3263218849897386,0.3263218849897386,0.3708934411406516,0.1711326986551284,2.443156272172928,GAMMA_equal_network48_36_consensus,0,0,0.3708934411406516,0,,,paper_IQR_median,0.0
690,16.18738102912903,0.4339627921581268,1.411259651184082,19,40,19,19,17.0,0.8463885070135196,14.531883522868156,0.6197396516799927,1.8864116668701167,-1.655497506260872,1.655497506260872,15.359632275998592,0.5268512219190598,1.6488356590270994,GAMMA_equal_network48_36_consensus,0,0,15.359632275998592,0,,,paper_IQR_median,0.0
696,11.26152116060257,0.433930367231369,3.009676218032837,32,40,31,31,31.0,0.7893101119746765,11.125424027442932,0.5272558331489563,4.14613950252533,-0.1360971331596374,0.1360971331596374,11.19347259402275,0.4805931001901626,3.5779078602790837,GAMMA_equal_network48_36_consensus,0,0,11.19347259402275,0,,,paper_IQR_median,0.0
697,6.205216884613037,0.5504617094993591,3.2731733322143555,27,40,26,26,26.0,0.7918650305752333,6.785047054290772,0.6210660636425018,3.46959525346756,0.5798301696777353,0.5798301696777353,6.495131969451904,0.5857638865709305,3.3713842928409576,GAMMA_equal_network48_36_consensus,0,0,6.495131969451904,0,,,paper_IQR_median,0.0
705,5.619162440299988,0.0972019359469413,2.4362536668777466,14,40,13,13,13.0,0.7973454128950834,2.7879772186279297,0.1491806507110595,1.3822572231292725,-2.831185221672058,2.831185221672058,4.203569829463959,0.1231912933290003,1.9092554450035093,GAMMA_equal_network48_36_consensus,0,0,4.203569829463959,0,,,paper_IQR_median,0.0
707,17.926267743110657,0.1760171428322792,3.0361011028289795,7,40,6,6,6.0,0.7731448964526256,17.037452340126038,0.1242985539138317,3.111525058746338,-0.8888154029846191,0.8888154029846191,17.481860041618347,0.1501578483730554,3.0738130807876587,GAMMA_equal_network48_36_consensus,0,0,17.481860041618347,0,,,paper_IQR_median,0.0
725,24.160757064819336,0.2269890904426574,1.6491355895996094,10,7,9,9,9.0,0.8140207858135303,22.408203214406967,0.4200990796089172,2.203805923461914,-1.7525538504123688,1.7525538504123688,23.28448013961315,0.3235440850257873,1.9264707565307615,GAMMA_equal_network48_36_consensus,0,0,23.28448013961315,0,,,paper_IQR_median,0.0
726,86.32832914590836,0.3855331540107727,2.196504592895508,118,10,110,110,106.0,0.8162036892026663,86.74919629096985,0.3174699246883392,1.0861492156982422,0.4208671450614929,0.4208671450614929,86.5387627184391,0.3515015393495559,1.641326904296875,GAMMA_equal_network48_36_consensus,0,0,86.5387627184391,0,,,paper_IQR_median,0.0
735,34.79736769199371,0.4083099663257599,3.757244110107422,77,40,73,73,73.0,0.8978751227259636,35.038347363471985,0.1752757579088211,4.748638153076172,0.2409796714782714,0.2409796714782714,34.91785752773285,0.2917928621172905,4.252941131591797,GAMMA_equal_network48_36_consensus,0,0,34.91785752773285,0,,,paper_IQR_median,0.0
736,28.94314014911652,0.4436438530683517,2.188612461090088,14,40,12,12,12.0,0.8258283554265896,30.97636377811432,0.2543868944048881,2.9793953895568848,2.033223628997799,2.033223628997799,29.959751963615417,0.3490153737366199,2.5840039253234863,GAMMA_equal_network48_36_consensus,0,0,29.959751963615417,0,,,paper_IQR_median,0.0
737,13.920109301805496,0.2386256605386734,1.202192306518555,13,40,13,13,8.0,0.7988926153630018,13.345750868320463,0.1047497130930423,1.530130386352539,-0.5743584334850329,0.5743584334850329,13.63293008506298,0.1716876868158578,1.3661613464355469,GAMMA_equal_network48_36_consensus,0,0,13.63293008506298,0,,,paper_IQR_median,0.0
740,3.946671575307846,0.20469880849123,1.688113898038864,6,40,6,6,6.0,0.8179326960816979,1.8403985053300853,0.1913698613643646,2.3055317234247923,-2.1062730699777603,2.1062730699777603,2.893535040318966,0.1980343349277973,1.996822810731828,GAMMA_equal_network48_36_consensus,0,0,2.893535040318966,0,,,paper_IQR_median,0.0
742,12.397171020507812,0.0974243432283401,3.559600830078125,259,40,209,209,188.0,0.8692676853388548,12.968902587890623,0.1059608571231365,4.062774658203125,0.5717315673828107,0.5717315673828107,12.68303680419922,0.1016926001757383,3.811187744140625,GAMMA_equal_network48_36_consensus,0,0,12.68303680419922,0,,,paper_IQR_median,0.0
745,5.787045240402222,0.1807720065116882,3.0733859539031982,60,40,59,59,59.0,0.8114853209505478,5.475364506244659,0.0919127538800239,3.907293915748596,-0.3116807341575622,0.3116807341575622,5.6312048733234406,0.136342380195856,3.490339934825897,GAMMA_equal_network48_36_consensus,0,0,5.6312048733234406,0,,,paper_IQR_median,0.0
749,23.90273094177246,0.3524540513753891,3.4766764640808105,61,40,48,48,12.0,0.7793906090470653,24.618263244628906,0.3141043335199356,4.071099519729614,0.7155323028564453,0.7155323028564453,24.260497093200684,0.6039176136255264,1.3026559352874756,GAMMA_equal_network48_36_consensus,0,0,22.30979800224304,1,0.9230769230769231,0.7155323028564453,dual_network_spatial_upper_plateau,1.9506990909576452
750,14.914027690887451,0.0693352818489074,4.45866584777832,90,40,79,79,30.0,0.8340268079191446,14.806999206542969,0.1345448344945907,4.661561489105225,-0.10702848434448242,0.10702848434448242,14.86051344871521,0.09034807793796062,2.468321681022644,GAMMA_equal_network48_36_consensus,0,0,11.48545666411519,1,0.8333333333333334,0.10702848434448242,dual_network_spatial_upper_plateau,3.3750567846000195
752,22.907629813998938,0.2119156569242477,7.456559658050537,51,40,44,44,44.0,0.7956374644612272,25.033680826425552,0.2616268396377563,7.525964260101318,2.1260510124266148,2.1260510124266148,23.970655320212245,0.236771248281002,7.491261959075928,GAMMA_equal_network48_36_consensus,0,0,23.970655320212245,0,,,paper_IQR_median,0.0
754,4.077924609184265,0.1708635836839676,3.2778436560183764,15,40,15,15,15.0,0.8378259682406982,5.557794511318207,0.2848179638385772,3.7703972458839417,1.4798699021339417,1.4798699021339417,4.817859560251236,0.2278407737612724,3.524120450951159,GAMMA_equal_network48_36_consensus,0,0,4.817859560251236,0,,,paper_IQR_median,0.0
755,20.842967867851257,0.3264032900333404,3.199098587036133,91,40,87,87,85.0,0.8196253242592016,19.778125941753387,0.586363673210144,3.146946907043457,-1.06484192609787,1.06484192609787,20.31054690480232,0.4563834816217422,3.173022747039795,GAMMA_equal_network48_36_consensus,0,0,20.31054690480232,0,,,paper_IQR_median,0.0
757,6.456863641738892,0.0721453130245208,4.620455026626587,193,40,183,183,183.0,0.8669592812657356,6.595147132873535,0.0848829075694084,4.19975745677948,0.1382834911346435,0.1382834911346435,6.526005387306213,0.0785141102969646,4.4101062417030334,GAMMA_equal_network48_36_consensus,0,0,6.526005387306213,0,,,paper_IQR_median,0.0
760,16.100491046905518,0.216216892004013,4.444332122802734,41,40,39,39,8.0,0.8012367865691582,15.288784980773926,0.2645555734634399,3.2146573066711426,-0.8117060661315918,0.8117060661315918,15.694638013839722,0.12572810053825378,1.282361626625061,GAMMA_equal_network48_36_consensus,0,0,13.33489090576768,1,1.0,0.8117060661315918,dual_network_spatial_upper_plateau,2.3597471080720425
761,7.425298880785704,0.1971141472458839,1.4483952522277832,27,40,25,25,24.0,0.8193708676844835,6.917729475535452,0.1993449181318283,1.3656554222106934,-0.5075694052502513,0.5075694052502513,7.171514178160578,0.1982295326888561,1.4070253372192385,GAMMA_equal_network48_36_consensus,0,0,7.171514178160578,0,,,paper_IQR_median,0.0
762,29.279134273529053,0.2577979564666748,1.0448613166809082,19,40,18,18,17.0,0.8101690964152416,29.16046524047852,0.279978796839714,2.0992560386657715,-0.1186690330505335,0.1186690330505335,29.219799757003784,0.2688883766531944,1.5720586776733398,GAMMA_equal_network48_36_consensus,0,0,29.219799757003784,0,,,paper_IQR_median,0.0
764,50.19192123413086,0.1958207786083221,1.8621273040771484,270,40,246,246,238.0,0.8528032048294942,50.10947322845459,0.2311265766620636,3.197598457336426,-0.0824480056762695,0.0824480056762695,50.150697231292725,0.2134736776351928,2.529862880706787,GAMMA_equal_network48_36_consensus,0,0,50.150697231292725,0,,,paper_IQR_median,0.0
766,21.60884714126587,0.5373772978782654,0.9631109237670898,20,40,19,19,17.0,0.7668160737181703,19.645622849464417,0.6395595073699951,1.5729846954345703,-1.9632242918014529,1.9632242918014529,20.627234995365143,0.5884684026241302,1.26804780960083,GAMMA_equal_network48_36_consensus,0,0,20.627234995365143,0,,,paper_IQR_median,0.0
770,7.775154113769531,0.096182070672512,1.639875411987305,9,40,9,9,9.0,0.7939191097393632,6.825098514556885,0.1119206845760345,1.2028212547302246,-0.9500555992126464,0.9500555992126464,7.300126314163208,0.1040513776242732,1.4213483333587646,GAMMA_equal_network48_36_consensus,0,0,7.300126314163208,0,,,paper_IQR_median,0.0
773,9.54878568649292,0.1697955876588821,4.657987905666232,16,40,15,15,4.0,0.7975822140773138,8.866456985473633,0.16660837829113,4.998036069795489,-0.6823287010192871,0.6823287010192871,9.207621335983276,0.20829451084136963,0.4508095979690552,GAMMA_equal_network48_36_consensus,0,0,1.3301900625228882,1,1.0,0.6823287010192871,dual_network_spatial_upper_plateau,7.877431273460388
775,6.734882950782776,0.1028903648257255,2.1425795555114746,20,40,20,20,20.0,0.7871280213197073,6.014236211776733,0.2306706756353378,1.885931819677353,-0.7206467390060425,0.7206467390060425,6.374559581279755,0.1667805202305316,2.0142556875944138,GAMMA_equal_network48_36_consensus,0,0,6.374559581279755,0,,,paper_IQR_median,0.0
776,12.338690340518951,0.1456510573625564,1.3283371925354004,105,40,103,103,99.0,0.8092376546313366,11.819442957639694,0.1205524429678917,1.3494477272033691,-0.5192473828792572,0.5192473828792572,12.079066649079325,0.133101750165224,1.3388924598693848,GAMMA_equal_network48_36_consensus,0,0,12.079066649079325,0,,,paper_IQR_median,0.0
777,8.73165214061737,0.089608646929264,3.418875202536583,41,40,26,26,26.0,0.8080831350137789,8.85691511631012,0.0810763500630855,2.9198738038539886,0.125262975692749,0.125262975692749,8.794283628463745,0.0853424984961747,3.169374503195286,GAMMA_equal_network48_36_consensus,0,0,8.794283628463745,0,,,paper_IQR_median,0.0
780,9.435197278857231,0.2816131561994552,1.1825859546661377,24,40,24,24,24.0,0.7921110543732842,8.885290205478668,0.3095990121364593,1.691799879074097,-0.5499070733785629,0.5499070733785629,9.16024374216795,0.2956060841679572,1.4371929168701172,GAMMA_equal_network48_36_consensus,0,0,9.16024374216795,0,,,paper_IQR_median,0.0
782,5.881332278251648,0.0876053497195243,2.208229780197144,260,40,252,252,251.0,0.8271807283163071,5.934222936630249,0.2512060403823852,2.124321222305298,0.052890658378601,0.052890658378601,5.9077776074409485,0.1694056950509547,2.1662755012512207,GAMMA_equal_network48_36_consensus,0,0,5.9077776074409485,0,,,paper_IQR_median,0.0
783,15.49049785733223,0.1208134964108467,3.913995981216431,30,40,28,28,28.0,0.8620187593623996,14.905908107757568,0.1415384784340858,3.347552537918091,-0.5845897495746613,0.5845897495746613,15.1982029825449,0.1311759874224662,3.6307742595672607,GAMMA_equal_network48_36_consensus,0,0,15.1982029825449,0,,,paper_IQR_median,0.0
784,23.375492572784424,0.3847373872995376,4.382911682128906,51,40,51,51,50.0,0.7975705512799323,23.69397354125977,0.545529842376709,3.986160278320313,0.3184809684753453,0.3184809684753453,23.53473305702209,0.4651336148381233,4.184535980224609,GAMMA_equal_network48_36_consensus,0,0,23.53473305702209,0,,,paper_IQR_median,0.0
788,9.027118444442747,0.1642856448888778,0.8559417724609375,66,40,65,65,59.0,0.7994320727884769,9.62943696975708,0.1978812888264656,1.329787015914917,0.6023185253143328,0.6023185253143328,9.328277707099916,0.1810834668576717,1.0928643941879272,GAMMA_equal_network48_36_consensus,0,0,9.328277707099916,0,,,paper_IQR_median,0.0
791,22.00891387462616,0.2192332446575164,1.967443466186524,18,40,15,15,15.0,0.7838655697802702,20.8981391787529,0.1420656442642212,2.469902992248535,-1.1107746958732605,1.1107746958732605,21.45352652668953,0.1806494444608687,2.2186732292175293,GAMMA_equal_network48_36_consensus,0,0,21.45352652668953,0,,,paper_IQR_median,0.0
795,15.36846911907196,0.1120705977082252,3.3727025985717773,28,40,28,28,28.0,0.82084829484423,16.77457082271576,0.2807376086711883,2.396198272705078,1.4061017036437988,1.4061017036437988,16.07151997089386,0.1964041031897067,2.884450435638428,GAMMA_equal_network48_36_consensus,0,0,16.07151997089386,0,,,paper_IQR_median,0.0
797,35.598567962646484,0.3502366542816162,4.411069869995117,27,40,16,16,7.0,0.789357358822599,37.13543701171875,0.4334330260753631,7.835511207580566,1.5368690490722656,1.5368690490722656,36.36700248718262,0.4532632529735565,1.5392942428588867,GAMMA_equal_network48_36_consensus,0,0,33.812837183475494,1,1.0,1.5368690490722656,dual_network_spatial_upper_plateau,2.554165303707123
798,6.943500399589539,0.1438715904951095,2.5389506816864014,84,40,75,75,73.0,0.8387483786791563,7.210675835609436,0.1721048951148986,2.6680233478546143,0.2671754360198974,0.2671754360198974,7.077088117599487,0.157988242805004,2.603487014770508,GAMMA_equal_network48_36_consensus,0,0,7.077088117599487,0,,,paper_IQR_median,0.0
802,19.22795009613037,0.1221780776977539,3.9544553756713854,36,40,35,35,35.0,0.7992282801618179,18.57354962825775,0.1638773083686828,4.032168388366699,-0.6544004678726196,0.6544004678726196,18.90074986219406,0.1430276930332183,3.993311882019043,GAMMA_equal_network48_36_consensus,0,0,18.90074986219406,0,,,paper_IQR_median,0.0
804,10.757039070129396,0.1699796020984649,3.434999942779541,15,40,15,15,15.0,0.7720575984567404,11.751512885093687,0.1395501643419265,3.560125827789306,0.9944738149642908,0.9944738149642908,11.254275977611542,0.1547648832201957,3.497562885284424,GAMMA_equal_network48_36_consensus,0,0,11.254275977611542,0,,,paper_IQR_median,0.0
805,7.335450649261475,0.0811689794063568,3.906601905822754,12,40,11,11,11.0,0.8652567553023497,8.689289093017578,0.1006488129496574,4.817606925964356,1.3538384437561035,1.3538384437561035,8.012369871139526,0.0909088961780071,4.362104415893555,GAMMA_equal_network48_36_consensus,0,0,8.012369871139526,0,,,paper_IQR_median,0.0
809,10.483177185058594,0.2001798599958419,2.925631046295166,31,40,27,27,25.0,0.8067910317331553,10.538092374801636,0.1780959665775299,2.921675205230713,0.0549151897430419,0.0549151897430419,10.510634779930117,0.1891379132866859,2.9236531257629395,GAMMA_equal_network48_36_consensus,0,0,10.510634779930117,0,,,paper_IQR_median,0.0
818,37.71807157993317,0.1213103979825973,2.430339813232422,22,40,17,17,17.0,0.7760155710081259,37.98180703818798,0.2001717090606689,3.4551544189453125,0.2637354582548141,0.2637354582548141,37.849939309060574,0.1607410535216331,2.942747116088867,GAMMA_equal_network48_36_consensus,0,0,37.849939309060574,0,,,paper_IQR_median,0.0
819,19.879607021808624,0.2017161026597023,4.114665508270264,22,40,20,20,20.0,0.7974273295452197,20.005115628242493,0.2493949830532074,4.355183124542236,0.1255086064338684,0.1255086064338684,19.94236132502556,0.2255555428564548,4.23492431640625,GAMMA_equal_network48_36_consensus,0,0,19.94236132502556,0,,,paper_IQR_median,0.0
820,10.710046924650667,0.1528827995061874,3.075741767883301,25,40,17,17,17.0,0.815799210841457,10.048580378293993,0.1300328522920608,2.053168296813965,-0.6614665463566745,0.6614665463566745,10.37931365147233,0.1414578258991241,2.564455032348633,GAMMA_equal_network48_36_consensus,0,0,10.37931365147233,0,,,paper_IQR_median,0.0
823,33.12887141108513,0.2815031111240387,2.630268096923828,128,40,117,117,107.0,0.8597808567186197,32.228113643825054,0.3595960885286331,4.076539993286133,-0.9007577672600746,0.9007577672600746,32.67849252745509,0.3205495998263359,3.3534040451049805,GAMMA_equal_network48_36_consensus,0,0,32.67849252745509,0,,,paper_IQR_median,0.0
824,9.63706460595131,0.3178521394729614,2.885762453079224,7,40,6,6,6.0,0.7757968716323376,9.45551484823227,0.4058430194854736,2.115813136100769,-0.1815497577190399,0.1815497577190399,9.54628972709179,0.3618475794792175,2.5007877945899963,GAMMA_equal_network48_36_consensus,0,0,9.54628972709179,0,,,paper_IQR_median,0.0
826,30.811218343675137,0.1918495148420334,1.7537484169006348,35,40,34,34,33.0,0.9186091149846712,29.91164867579937,0.2943628132343292,2.0928282737731934,-0.8995696678757668,0.8995696678757668,30.361433509737253,0.2431061640381813,1.923288345336914,GAMMA_equal_network48_36_consensus,0,0,30.361433509737253,0,,,paper_IQR_median,0.0
827,26.120494067668915,0.4239544719457626,3.409773826599121,61,40,55,55,54.0,0.802841645355026,25.678506016731266,0.5834718346595764,4.823193550109863,-0.441988050937649,0.441988050937649,25.89950004220009,0.5037131533026695,4.116483688354492,GAMMA_equal_network48_36_consensus,0,0,25.89950004220009,0,,,paper_IQR_median,0.0
829,22.86653400585056,0.3576176315546036,3.279491424560547,30,40,28,28,28.0,0.8213346249734362,22.40493991971016,0.5137693881988525,4.450153350830078,-0.4615940861403977,0.4615940861403977,22.63573696278036,0.435693509876728,3.864822387695313,GAMMA_equal_network48_36_consensus,0,0,22.63573696278036,0,,,paper_IQR_median,0.0
830,14.239225387573242,0.1791742965579033,0.8411235809326172,4,40,4,4,4.0,0.7659277298177283,13.394042015075684,0.3963572978973388,1.4897375106811523,-0.8451833724975586,0.8451833724975586,13.816633701324465,0.2877657972276211,1.1654305458068848,GAMMA_equal_network48_36_consensus,0,0,13.816633701324465,0,,,paper_IQR_median,0.0
837,8.670969486236572,0.2425254732370376,3.1205263137817383,156,40,149,149,147.0,0.8415166586637497,6.919791877269745,0.2217704206705093,2.032425880432129,-1.7511776089668274,1.7511776089668274,7.795380681753159,0.2321479469537734,2.5764760971069336,GAMMA_equal_network48_36_consensus,0,0,7.795380681753159,0,,,paper_IQR_median,0.0
838,37.07968348264694,0.3171690255403518,2.477801322937012,75,40,74,74,72.0,0.9023236657182376,37.472892701625824,0.3913458883762359,3.195931434631348,0.3932092189788818,0.3932092189788818,37.27628809213638,0.3542574569582938,2.83686637878418,GAMMA_equal_network48_36_consensus,0,0,37.27628809213638,0,,,paper_IQR_median,0.0
842,25.425729542970657,0.4758702516555786,1.125636100769043,7,40,7,7,6.0,0.786099078754584,25.30793568491936,0.6089372634887695,1.4254112243652344,-0.1177938580512965,0.1177938580512965,25.366832613945007,0.5424037575721741,1.275523662567139,GAMMA_equal_network48_36_consensus,0,0,25.366832613945007,0,,,paper_IQR_median,0.0
843,18.031265676021576,0.6620324850082397,2.334846019744873,57,40,56,56,55.0,0.8319214967389902,17.63337740302086,0.5242261588573456,3.802307605743408,-0.3978882730007171,0.3978882730007171,17.832321539521217,0.5931293219327927,3.0685768127441406,GAMMA_equal_network48_36_consensus,0,0,17.832321539521217,0,,,paper_IQR_median,0.0
844,25.96989068388939,0.2114826738834381,2.143339157104492,14,40,13,13,12.0,0.791503623748819,25.84057325124741,0.0445875953882932,2.3248863220214844,-0.1293174326419794,0.1293174326419794,25.9052319675684,0.1280351346358656,2.2341127395629883,GAMMA_equal_network48_36_consensus,0,0,25.9052319675684,0,,,paper_IQR_median,0.0
848,24.15607786178589,0.3304464519023895,1.0343132019042969,26,40,25,25,21.0,0.7837570756673813,24.31996440887451,0.423636257648468,2.18655776977539,0.163886547088623,0.163886547088623,24.2380211353302,0.3770413547754287,1.6104354858398435,GAMMA_equal_network48_36_consensus,0,0,24.2380211353302,0,,,paper_IQR_median,0.0
851,21.502275347709656,0.1060752421617508,2.1048789024353027,12,40,12,12,11.0,0.8071013949811459,17.515108466148376,0.2094084098935127,2.543276786804199,-3.9871668815612793,3.9871668815612793,19.508691906929016,0.1577418260276317,2.324077844619751,GAMMA_equal_network48_36_consensus,0,0,19.508691906929016,0,,,paper_IQR_median,0.0
852,5.669919967651367,0.4554154276847839,3.311723589897156,44,40,40,40,40.0,0.8181968408947189,6.239459216594696,0.5328109860420227,2.093354105949402,0.5695392489433289,0.5695392489433289,5.954689592123032,0.4941132068634033,2.702538847923279,GAMMA_equal_network48_36_consensus,0,0,5.954689592123032,0,,,paper_IQR_median,0.0
853,45.58430528640747,0.1441011279821396,1.97550106048584,68,40,42,42,41.0,0.8585663835207621,47.12153208255768,0.1374167054891586,2.706491470336914,1.5372267961502075,1.5372267961502075,46.352918684482574,0.1407589167356491,2.340996265411377,GAMMA_equal_network48_36_consensus,0,0,46.352918684482574,0,,,paper_IQR_median,0.0
856,18.907001495361328,0.1914818882942199,3.213862419128418,21,40,17,17,4.0,0.7667964504410824,17.375378608703613,0.113440953195095,2.981350898742676,-1.5316228866577148,1.5316228866577148,18.14119005203247,0.2537505626678467,1.8018221855163574,GAMMA_equal_network48_36_consensus,0,0,14.777801543474196,1,1.0,1.5316228866577148,dual_network_spatial_upper_plateau,3.363388508558275
867,11.693629443645476,0.1701757907867431,2.258065700531006,73,40,71,71,70.0,0.8071144350493948,10.353196918964386,0.2411015182733535,2.0481090545654297,-1.3404325246810895,1.3404325246810895,11.023413181304932,0.2056386545300483,2.1530873775482178,GAMMA_equal_network48_36_consensus,0,0,11.023413181304932,0,,,paper_IQR_median,0.0
870,32.944931983947754,0.4503048956394195,4.809600830078125,48,40,37,37,37.0,0.7935687427719434,32.569063663482666,0.3471282124519348,3.52884292602539,-0.3758683204650879,0.3758683204650879,32.75699782371521,0.3987165540456772,4.169221878051758,GAMMA_equal_network48_36_consensus,0,0,32.75699782371521,0,,,paper_IQR_median,0.0
874,8.369437277317047,0.0931822210550308,2.531413078308105,5,40,5,5,5.0,0.7548744784047207,7.022518694400787,0.0861033126711845,1.4855923652648926,-1.3469185829162598,1.3469185829162598,7.695977985858917,0.0896427668631076,2.008502721786499,GAMMA_equal_network48_36_consensus,0,0,7.695977985858917,0,,,paper_IQR_median,0.0
875,14.301712214946749,0.226181760430336,3.714198589324951,30,40,30,30,30.0,0.8428971351434786,12.382311344146729,0.1394372582435608,3.600602865219116,-1.91940087080002,1.91940087080002,13.342011779546738,0.1828095093369484,3.6574007272720337,GAMMA_equal_network48_36_consensus,0,0,13.342011779546738,0,,,paper_IQR_median,0.0
879,12.277834415435793,0.3475800007581711,2.7152113914489746,45,40,19,19,18.0,0.8411717303097248,11.927972495555878,0.5009436011314392,3.788556098937988,-0.3498619198799151,0.3498619198799151,12.102903455495834,0.4242618009448051,3.251883745193481,GAMMA_equal_network48_36_consensus,0,0,12.102903455495834,0,,,paper_IQR_median,0.0
880,7.557512238621712,0.1123205125331878,2.92517638206482,19,40,18,18,18.0,0.7877097524081668,5.790060997009277,0.188938170671463,1.8111714124679563,-1.7674512416124344,1.7674512416124344,6.673786617815495,0.1506293416023254,2.368173897266388,GAMMA_equal_network48_36_consensus,0,0,6.673786617815495,0,,,paper_IQR_median,0.0
881,4.043412923812866,0.04949352145195,0.8477582931518555,15,40,15,15,12.0,0.8514240328222513,2.468564510345459,0.1734548583626747,0.856083869934082,-1.5748484134674072,1.5748484134674072,3.2559887170791626,0.1114741899073123,0.8519210815429688,GAMMA_equal_network48_36_consensus,0,0,3.2559887170791626,0,,,paper_IQR_median,0.0
882,20.70561945438385,0.1322621703147888,2.6096396446228027,49,40,48,48,47.0,0.8331162569423517,20.789682626724243,0.1701414585113525,2.5510292053222656,0.084063172340393,0.084063172340393,20.747651040554047,0.1512018144130706,2.580334424972534,GAMMA_equal_network48_36_consensus,0,0,20.747651040554047,0,,,paper_IQR_median,0.0
883,13.489647388458252,0.1676203310489654,4.27550745010376,122,40,99,99,32.0,0.77751524746418,14.881461143493652,0.1809738576412201,4.201055526733398,1.3918137550354004,1.3918137550354004,14.185554265975952,0.2025042176246643,1.804010033607483,GAMMA_equal_network48_36_consensus,0,0,11.87015387415886,1,0.8,1.3918137550354004,dual_network_spatial_upper_plateau,2.315400391817093
888,11.45378279685974,0.1190250888466835,2.2581233978271484,69,40,66,66,65.0,0.8656126211086909,11.205387592315674,0.275281012058258,3.088036298751831,-0.2483952045440656,0.2483952045440656,11.329585194587708,0.1971530504524707,2.6730798482894897,GAMMA_equal_network48_36_consensus,0,0,11.329585194587708,0,,,paper_IQR_median,0.0
907,48.12895393371582,0.2754808366298675,3.690089225769043,201,40,140,140,137.0,0.8556921171645323,47.41029644012451,0.3039880841970444,5.130743980407715,-0.7186574935913086,0.7186574935913086,47.769625186920166,0.2897344604134559,4.410416603088379,GAMMA_equal_network48_36_consensus,0,0,47.769625186920166,0,,,paper_IQR_median,0.0
925,19.926095128059387,0.4649703055620193,4.936881065368652,80,40,76,76,76.0,0.8046001566108316,19.548160433769223,0.4282080829143524,5.415590286254883,-0.3779346942901647,0.3779346942901647,19.737127780914307,0.4465891942381859,5.176235675811768,GAMMA_equal_network48_36_consensus,0,0,19.737127780914307,0,,,paper_IQR_median,0.0
927,9.869846403598784,0.1430471837520599,4.2020368576049805,58,40,57,57,57.0,0.8444419223815203,10.030227839946749,0.2098224610090255,4.024885177612305,0.1603814363479649,0.1603814363479649,9.950037121772766,0.1764348223805427,4.113461017608643,GAMMA_equal_network48_36_consensus,0,0,9.950037121772766,0,,,paper_IQR_median,0.0
936,25.26784226298332,0.3145641684532165,4.226118564605713,32,40,32,32,29.0,0.7808243669569492,23.665270753204823,0.4029186367988586,5.123446941375732,-1.602571509778496,1.602571509778496,24.466556508094072,0.3587414026260375,4.674782752990723,GAMMA_equal_network48_36_consensus,0,0,24.466556508094072,0,,,paper_IQR_median,0.0
940,15.414014488458632,0.0999888852238655,1.9637656211853027,41,40,39,39,39.0,0.7769449974099795,14.08653635531664,0.1179187893867492,2.080874443054199,-1.327478133141991,1.327478133141991,14.750275421887636,0.1089538373053073,2.022320032119751,GAMMA_equal_network48_36_consensus,0,0,14.750275421887636,0,,,paper_IQR_median,0.0
941,37.90623193979263,0.3304875940084457,0.4557456970214844,7,40,7,7,6.0,0.8131188284605742,35.8935983479023,0.4416562020778656,0.4492263793945312,-2.012633591890335,2.012633591890335,36.899915143847466,0.3860718980431556,0.4524860382080078,GAMMA_equal_network48_36_consensus,0,0,36.899915143847466,0,,,paper_IQR_median,0.0
945,68.61995506286621,0.1199732348322868,1.206317901611328,11,40,9,9,9.0,0.8311172723770142,67.99884223937988,0.1691634804010391,1.5752944946289062,-0.6211128234863281,0.6211128234863281,68.30939865112305,0.1445683576166629,1.3908061981201172,GAMMA_equal_network48_36_consensus,0,0,68.30939865112305,0,,,paper_IQR_median,0.0
946,61.2719701230526,0.3188436031341553,2.011005401611328,43,40,7,7,6.0,0.8350660695383946,61.26786053180695,0.2129312604665756,2.8244495391845703,-0.0041095912456441,0.0041095912456441,61.26991532742977,0.2658874318003654,2.417727470397949,GAMMA_equal_network48_36_consensus,0,0,61.26991532742977,0,,,paper_IQR_median,0.0
949,14.72057580947876,0.168446697294712,2.004697322845459,151,40,70,70,70.0,0.828950434923172,15.797292709350586,0.1245712414383888,2.283278465270996,1.0767168998718262,1.0767168998718262,15.258934259414673,0.1465089693665504,2.1439878940582275,GAMMA_equal_network48_36_consensus,0,0,15.258934259414673,0,,,paper_IQR_median,0.0
951,38.64863848686218,0.1927526444196701,1.620295524597168,64,40,58,58,57.0,0.8595548222462336,37.23526072502136,0.1682493835687637,2.827939987182617,-1.4133777618408203,1.4133777618408203,37.94194960594177,0.1805010139942169,2.2241177558898926,GAMMA_equal_network48_36_consensus,0,0,37.94194960594177,0,,,paper_IQR_median,0.0
971,36.647464632987976,0.2329646348953247,2.5117673873901367,12,40,12,12,12.0,0.7781612257628391,35.68310397863388,0.1494850665330886,4.174826622009277,-0.9643606543540956,0.9643606543540956,36.16528430581093,0.1912248507142066,3.343297004699707,GAMMA_equal_network48_36_consensus,0,0,36.16528430581093,0,,,paper_IQR_median,0.0
973,11.226776659488678,0.12809419631958,2.79122281074524,42,40,42,42,42.0,0.8226030739024282,11.932389855384828,0.1870563253760337,4.192794322967529,0.7056131958961505,0.7056131958961505,11.579583257436752,0.1575752608478068,3.4920085668563843,GAMMA_equal_network48_36_consensus,0,0,11.579583257436752,0,,,paper_IQR_median,0.0
976,6.3161797523498535,0.1569405794143676,4.810609698295593,15,40,15,15,15.0,0.7895583286881447,6.189037501811981,0.1530647799372673,3.1932373046875,-0.1271422505378723,0.1271422505378723,6.252608627080917,0.1550026796758174,4.001923501491547,GAMMA_equal_network48_36_consensus,0,0,6.252608627080917,0,,,paper_IQR_median,0.0
981,40.13887433055788,0.1402733847498893,0.4257822036743164,13,40,4,4,4.0,0.8023090325295925,39.18606548011303,0.1350637786090374,0.8203954696655273,-0.9528088504448532,0.9528088504448532,39.662469905335456,0.1376685816794633,0.6230888366699219,GAMMA_equal_network48_36_consensus,0,0,39.662469905335456,0,,,paper_IQR_median,0.0
992,47.6155104637146,0.3245029151439667,2.025348663330078,6,40,6,6,6.0,0.7566172039757172,47.4250431060791,0.158800084143877,1.3778305053710938,-0.190467357635498,0.190467357635498,47.52027678489685,0.2416514996439218,1.701589584350586,GAMMA_equal_network48_36_consensus,0,0,47.52027678489685,0,,,paper_IQR_median,0.0
995,18.82634019851685,0.1895284876227378,2.1833176612854004,8,40,8,8,8.0,0.7830997317408522,18.23460507392884,0.3620257377624511,1.9664268493652344,-0.5917351245880127,0.5917351245880127,18.530472636222843,0.2757771126925945,2.0748722553253174,GAMMA_equal_network48_36_consensus,0,0,18.530472636222843,0,,,paper_IQR_median,0.0
1007,16.627755880355835,0.1278789564967155,2.779690742492676,17,40,17,17,16.0,0.8065778895591695,18.19679522514344,0.1659729033708572,2.280094146728516,1.5690393447876012,1.5690393447876012,17.412275552749634,0.1469259299337863,2.529892444610596,GAMMA_equal_network48_36_consensus,0,0,17.412275552749634,0,,,paper_IQR_median,0.0
1009,14.59172296524048,0.2812279760837555,1.4016634225845337,4,40,4,4,4.0,0.7604885331044595,15.708304405212402,0.3725652396678924,2.5522223711013794,1.116581439971922,1.116581439971922,15.15001368522644,0.326896607875824,1.9769428968429563,GAMMA_equal_network48_36_consensus,0,0,15.15001368522644,0,,,paper_IQR_median,0.0
1010,15.069663763046265,0.1358015984296798,4.262268781661987,15,40,15,15,15.0,0.8019369865457217,16.909047842025757,0.0792832449078559,4.160131216049194,1.839384078979492,1.839384078979492,15.98935580253601,0.1075424216687678,4.211199998855591,GAMMA_equal_network48_36_consensus,0,0,15.98935580253601,0,,,paper_IQR_median,0.0
1011,15.26804780960083,0.1059380248188972,0.9746723175048828,7,40,7,7,6.0,0.8117485133310158,16.496069192886353,0.0556844845414161,3.858250379562378,1.2280213832855225,1.2280213832855225,15.882058501243591,0.0808112546801566,2.4164613485336304,GAMMA_equal_network48_36_consensus,0,0,15.882058501243591,0,,,paper_IQR_median,0.0
1012,14.943811655044556,0.0330775436013937,2.2137938737869263,4,40,4,4,4.0,0.7723586155722539,14.38690710067749,0.0167106739245355,2.1613959074020386,-0.5569045543670654,0.5569045543670654,14.665359377861025,0.0248941087629646,2.1875948905944824,GAMMA_equal_network48_36_consensus,0,0,14.665359377861025,0,,,paper_IQR_median,0.0
1013,15.41128420829773,0.0505974572151899,0.2229909896850586,9,40,9,9,6.0,0.7869156561791897,14.633145570755005,0.0482744686305522,0.3807611465454101,-0.7781386375427246,0.7781386375427246,15.022214889526367,0.049435962922871,0.3018760681152344,GAMMA_equal_network48_36_consensus,0,0,15.022214889526367,0,,,paper_IQR_median,0.0
