date,start_hhmmss,mission_data_take,order_id,polarisation,zip_path,zip_size_bytes,zip_sha256,measurement_member,measurement_size_bytes,measurement_crc32,manifest_member,annotation_member,calibration_member,sensing_start,sensing_stop,pass,mode,swath,platform_heading_deg,range_sampling_rate_hz,radar_frequency_hz,range_pixel_spacing_m,azimuth_pixel_spacing_m,azimuth_time_interval_s,number_of_samples,number_of_lines,mid_swath_incidence_deg,bbox_west,bbox_south,bbox_east,bbox_north,paper_center_intersects,footprint_lonlat,logical_duplicate_count,logical_preferred,selected_center_segment
20231007,032017,001489,000017,VV,/home/u/Downloads/中国天津市点位2/降轨-左视/BC3-001489/BC3-SM-SLC-1SVV-20231007T032017-001489-000017-0005D1.zip,668090025,d105aa45d131c3283934cf818594e603b8ff7c5b83593e0f4c7aac2a7eb00a7d,BC3-SM-SLC-1SVV-20231007T032017-001489-000017-0005D1/measurement/bc3-sm-slc-vv-20231007t032017-001489-000017-0005d1-01.tiff,697034339,b799768b,BC3-SM-SLC-1SVV-20231007T032017-001489-000017-0005D1/manifest.safe,BC3-SM-SLC-1SVV-20231007T032017-001489-000017-0005D1/annotation/bc3-sm-slc-vv-20231007t032017-001489-000017-0005d1-01.xml,BC3-SM-SLC-1SVV-20231007T032017-001489-000017-0005D1/annotation/calibration/calibration-bc3-sm-slc-vv-20231007t032017-001489-000017-0005d1-01.xml,2023-10-07T03:20:17.258977,2023-10-07T03:20:20.649293,DESCENDING,S1,S1,167.5293,120000000.0,5400000100.0,1.249135241667,1.790613058378,0.0002418,12426,14022,37.6208,117.003,39.1027,117.36,39.3729,True,"[[117.0749, 39.3729], [117.36, 39.3131], [117.003, 39.1623], [117.2872, 39.1027]]",2,True,True
20231007,032020,001489,000017,VV,/home/u/Downloads/中国天津市点位2/降轨-左视/BC3-001489/BC3-SM-SLC-1SVV-20231007T032020-001489-000017-0005D1.zip,665415239,0a752007ea409520b1d6ed93822689ff70d21fa451d9ddcdbbe532dd8621208e,BC3-SM-SLC-1SVV-20231007T032020-001489-000017-0005D1/measurement/bc3-sm-slc-vv-20231007t032020-001489-000017-0005d1-01.tiff,697034339,932142a0,BC3-SM-SLC-1SVV-20231007T032020-001489-000017-0005D1/manifest.safe,BC3-SM-SLC-1SVV-20231007T032020-001489-000017-0005D1/annotation/bc3-sm-slc-vv-20231007t032020-001489-000017-0005d1-01.xml,BC3-SM-SLC-1SVV-20231007T032020-001489-000017-0005D1/annotation/calibration/calibration-bc3-sm-slc-vv-20231007t032020-001489-000017-0005d1-01.xml,2023-10-07T03:20:20.398781,2023-10-07T03:20:23.789097,DESCENDING,S1,S1,167.5293,120000000.0,5400000100.0,1.249135241667,1.790613058378,0.0002418,12426,14022,37.6208,116.9368,38.9078,117.2926,39.1778,True,"[[117.0083, 39.1778], [117.2926, 39.1183], [116.9368, 38.9672], [117.2202, 38.9078]]",2,True,True
20231029,031953,001892,000017,VV,/home/u/Downloads/中国天津市点位2/降轨-左视/BC3-001892/BC3-SM-SLC-1SVV-20231029T031953-001892-000017-000764.zip,667308369,a5572d1760091be2db3fa7db2ebfdaa38d272b272cafe234d96c1bbbce3e850b,BC3-SM-SLC-1SVV-20231029T031953-001892-000017-000764/measurement/bc3-sm-slc-vv-20231029t031953-001892-000017-000764-01.tiff,697034339,ac5b9d99,BC3-SM-SLC-1SVV-20231029T031953-001892-000017-000764/manifest.safe,BC3-SM-SLC-1SVV-20231029T031953-001892-000017-000764/annotation/bc3-sm-slc-vv-20231029t031953-001892-000017-000764-01.xml,BC3-SM-SLC-1SVV-20231029T031953-001892-000017-000764/annotation/calibration/calibration-bc3-sm-slc-vv-20231029t031953-001892-000017-000764-01.xml,2023-10-29T03:19:53.254300,2023-10-29T03:19:56.644605,DESCENDING,S1,S1,167.5289,120000000.0,5400000100.0,1.249135241667,1.790597897002,0.0002418,12426,14022,37.6147,117.0023,39.1021,117.3593,39.3722,True,"[[117.0742, 39.3722], [117.3593, 39.3125], [117.0023, 39.1617], [117.2865, 39.1021]]",2,True,True
20231029,031956,001892,000017,VV,/home/u/Downloads/中国天津市点位2/降轨-左视/BC3-001892/BC3-SM-SLC-1SVV-20231029T031956-001892-000017-000764.zip,664147016,c3e70bb4fd2739fffbe67e49b86d918032c8f918ad4e28abb294e181dca99e58,BC3-SM-SLC-1SVV-20231029T031956-001892-000017-000764/measurement/bc3-sm-slc-vv-20231029t031956-001892-000017-000764-01.tiff,697034339,3be51973,BC3-SM-SLC-1SVV-20231029T031956-001892-000017-000764/manifest.safe,BC3-SM-SLC-1SVV-20231029T031956-001892-000017-000764/annotation/bc3-sm-slc-vv-20231029t031956-001892-000017-000764-01.xml,BC3-SM-SLC-1SVV-20231029T031956-001892-000017-000764/annotation/calibration/calibration-bc3-sm-slc-vv-20231029t031956-001892-000017-000764-01.xml,2023-10-29T03:19:56.394104,2023-10-29T03:19:59.784409,DESCENDING,S1,S1,167.5289,120000000.0,5400000100.0,1.249135241667,1.790597897002,0.0002418,12426,14022,37.6147,116.9361,38.9072,117.2919,39.1772,True,"[[117.0076, 39.1772], [117.2919, 39.1176], [116.9361, 38.9666], [117.2195, 38.9072]]",2,True,True
20231109,031941,002102,000017,VV,/home/u/Downloads/中国天津市点位2/降轨-左视/BC3-002102/BC3-SM-SLC-1SVV-20231109T031941-002102-000017-000836.zip,668691352,e83186be5e556a7f146fcec1a9646f6ba81747b844025a52062069ff2bb7e0d9,BC3-SM-SLC-1SVV-20231109T031941-002102-000017-000836/measurement/bc3-sm-slc-vv-20231109t031941-002102-000017-000836-01.tiff,697034339,e66f21f6,BC3-SM-SLC-1SVV-20231109T031941-002102-000017-000836/manifest.safe,BC3-SM-SLC-1SVV-20231109T031941-002102-000017-000836/annotation/bc3-sm-slc-vv-20231109t031941-002102-000017-000836-01.xml,BC3-SM-SLC-1SVV-20231109T031941-002102-000017-000836/annotation/calibration/calibration-bc3-sm-slc-vv-20231109t031941-002102-000017-000836-01.xml,2023-11-09T03:19:41.189097,2023-11-09T03:19:44.579402,DESCENDING,S1,S1,167.5291,120000000.0,5400000100.0,1.249135241667,1.790603060944,0.0002418,12426,14022,37.618,117.002,39.1022,117.359,39.3724,True,"[[117.0739, 39.3724], [117.359, 39.3127], [117.002, 39.1618], [117.2862, 39.1022]]",1,True,True
20231109,031944,002102,000017,VV,/home/u/Downloads/中国天津市点位2/降轨-左视/BC3-002102/BC3-SM-SLC-1SVV-20231109T031944-002102-000017-000836.zip,660845649,836d4fb8551b25ea98bf3fe97016545fbb11f44414309d204c2d4ed0acae9cba,BC3-SM-SLC-1SVV-20231109T031944-002102-000017-000836/measurement/bc3-sm-slc-vv-20231109t031944-002102-000017-000836-01.tiff,697034339,40ea4a11,BC3-SM-SLC-1SVV-20231109T031944-002102-000017-000836/manifest.safe,BC3-SM-SLC-1SVV-20231109T031944-002102-000017-000836/annotation/bc3-sm-slc-vv-20231109t031944-002102-000017-000836-01.xml,BC3-SM-SLC-1SVV-20231109T031944-002102-000017-000836/annotation/calibration/calibration-bc3-sm-slc-vv-20231109t031944-002102-000017-000836-01.xml,2023-11-09T03:19:44.328901,2023-11-09T03:19:47.719196,DESCENDING,S1,S1,167.5291,120000000.0,5400000100.0,1.249135241667,1.790603060944,0.0002418,12426,14022,37.618,116.9358,38.9073,117.2916,39.1774,True,"[[117.0073, 39.1774], [117.2916, 39.1178], [116.9358, 38.9667], [117.2192, 38.9073]]",1,True,True
20231120,031928,002390,000017,VV,/home/u/Downloads/中国天津市点位2/降轨-左视/BC3-002390/BC3-SM-SLC-1SVV-20231120T031928-002390-000017-000956.zip,664025796,151d44cb0b5875f316c5e6ced42a21c6bfbd77585e42153d1a5bfdbc51a8c19c,BC3-SM-SLC-1SVV-20231120T031928-002390-000017-000956/measurement/bc3-sm-slc-vv-20231120t031928-002390-000017-000956-01.tiff,697034339,f1c1400a,BC3-SM-SLC-1SVV-20231120T031928-002390-000017-000956/manifest.safe,BC3-SM-SLC-1SVV-20231120T031928-002390-000017-000956/annotation/bc3-sm-slc-vv-20231120t031928-002390-000017-000956-01.xml,BC3-SM-SLC-1SVV-20231120T031928-002390-000017-000956/annotation/calibration/calibration-bc3-sm-slc-vv-20231120t031928-002390-000017-000956-01.xml,2023-11-20T03:19:28.782455,2023-11-20T03:19:32.172760,DESCENDING,S1,S1,167.5261,120000000.0,5400000100.0,1.249135241667,1.790594316947,0.0002418,12426,14022,37.6141,117.0019,39.1022,117.3589,39.3723,True,"[[117.0738, 39.3723], [117.3589, 39.3126], [117.0019, 39.1617], [117.2861, 39.1022]]",1,True,True
20231120,031931,002390,000017,VV,/home/u/Downloads/中国天津市点位2/降轨-左视/BC3-002390/BC3-SM-SLC-1SVV-20231120T031931-002390-000017-000956.zip,661984208,c16917cf24c1a77a62a8ac6af0c43cade359e9a0d739d7a767aeb998d7ae84d7,BC3-SM-SLC-1SVV-20231120T031931-002390-000017-000956/measurement/bc3-sm-slc-vv-20231120t031931-002390-000017-000956-01.tiff,697034339,a413be46,BC3-SM-SLC-1SVV-20231120T031931-002390-000017-000956/manifest.safe,BC3-SM-SLC-1SVV-20231120T031931-002390-000017-000956/annotation/bc3-sm-slc-vv-20231120t031931-002390-000017-000956-01.xml,BC3-SM-SLC-1SVV-20231120T031931-002390-000017-000956/annotation/calibration/calibration-bc3-sm-slc-vv-20231120t031931-002390-000017-000956-01.xml,2023-11-20T03:19:31.922249,2023-11-20T03:19:35.312564,DESCENDING,S1,S1,167.5261,120000000.0,5400000100.0,1.249135241667,1.790594316947,0.0002418,12426,14022,37.6141,116.9357,38.9073,117.2915,39.1773,True,"[[117.0072, 39.1773], [117.2915, 39.1177], [116.9357, 38.9667], [117.2192, 38.9073]]",1,True,True
20231201,031916,002643,000017,VV,/home/u/Downloads/中国天津市点位2/降轨-左视/BC3-002643/BC3-SM-SLC-1SVV-20231201T031916-002643-000017-000A53.zip,661120230,a41e3aa2dfe62db021a795f1049b91173ccc2a02ec35ddeff66b40e129548a73,BC3-SM-SLC-1SVV-20231201T031916-002643-000017-000A53/measurement/bc3-sm-slc-vv-20231201t031916-002643-000017-000a53-01.tiff,697034339,015a2455,BC3-SM-SLC-1SVV-20231201T031916-002643-000017-000A53/manifest.safe,BC3-SM-SLC-1SVV-20231201T031916-002643-000017-000A53/annotation/bc3-sm-slc-vv-20231201t031916-002643-000017-000a53-01.xml,BC3-SM-SLC-1SVV-20231201T031916-002643-000017-000A53/annotation/calibration/calibration-bc3-sm-slc-vv-20231201t031916-002643-000017-000a53-01.xml,2023-12-01T03:19:16.825710,2023-12-01T03:19:20.216016,DESCENDING,S1,S1,167.5254,120000000.0,5400000100.0,1.249135241667,1.790597334255,0.0002418,12426,14022,37.6158,117.0024,39.1023,117.3593,39.3725,True,"[[117.0743, 39.3725], [117.3593, 39.3128], [117.0024, 39.1619], [117.2866, 39.1023]]",1,True,True
20231201,031919,002643,000017,VV,/home/u/Downloads/中国天津市点位2/降轨-左视/BC3-002643/BC3-SM-SLC-1SVV-20231201T031919-002643-000017-000A53.zip,659514177,dde750029be7a7562434e080048a6166d138f8110881c7a2e0cf1f16fcd004ea,BC3-SM-SLC-1SVV-20231201T031919-002643-000017-000A53/measurement/bc3-sm-slc-vv-20231201t031919-002643-000017-000a53-01.tiff,697034339,0619f9c1,BC3-SM-SLC-1SVV-20231201T031919-002643-000017-000A53/manifest.safe,BC3-SM-SLC-1SVV-20231201T031919-002643-000017-000A53/annotation/bc3-sm-slc-vv-20231201t031919-002643-000017-000a53-01.xml,BC3-SM-SLC-1SVV-20231201T031919-002643-000017-000A53/annotation/calibration/calibration-bc3-sm-slc-vv-20231201t031919-002643-000017-000a53-01.xml,2023-12-01T03:19:19.965504,2023-12-01T03:19:23.355810,DESCENDING,S1,S1,167.5254,120000000.0,5400000100.0,1.249135241667,1.790597334255,0.0002418,12426,14022,37.6158,116.9362,38.9074,117.292,39.1775,True,"[[117.0077, 39.1775], [117.292, 39.1179], [116.9362, 38.9668], [117.2196, 38.9074]]",1,True,True
20231212,031905,002914,000017,VV,/home/u/Downloads/中国天津市点位2/降轨-左视/BC3-002914/BC3-SM-SLC-1SVV-20231212T031905-002914-000017-000B62.zip,675692277,205f2ba5b5907864d0886ec726e77c8e475acf3a7d3c9ac5504427a36e3e9ef1,BC3-SM-SLC-1SVV-20231212T031905-002914-000017-000B62/measurement/bc3-sm-slc-vv-20231212t031905-002914-000017-000b62-01.tiff,708084139,be9f872f,BC3-SM-SLC-1SVV-20231212T031905-002914-000017-000B62/manifest.safe,BC3-SM-SLC-1SVV-20231212T031905-002914-000017-000B62/annotation/bc3-sm-slc-vv-20231212t031905-002914-000017-000b62-01.xml,BC3-SM-SLC-1SVV-20231212T031905-002914-000017-000B62/annotation/calibration/calibration-bc3-sm-slc-vv-20231212t031905-002914-000017-000b62-01.xml,2023-12-12T03:19:05.046354,2023-12-12T03:19:08.436659,DESCENDING,S1,S1,167.524,120000000.0,5400000100.0,1.249135241667,1.797271346667,0.0002427,12670,13970,37.6874,117.0088,39.0984,117.3708,39.3697,True,"[[117.0807, 39.3697], [117.3708, 39.3088], [117.0088, 39.1591], [117.2981, 39.0984]]",1,True,True
20231212,031908,002914,000017,VV,/home/u/Downloads/中国天津市点位2/降轨-左视/BC3-002914/BC3-SM-SLC-1SVV-20231212T031908-002914-000017-000B62.zip,665006522,b02625142b1e73b9be41c800334ffac3558ea86ed8441742ebc7d379fc2d36be,BC3-SM-SLC-1SVV-20231212T031908-002914-000017-000B62/measurement/bc3-sm-slc-vv-20231212t031908-002914-000017-000b62-01.tiff,708084139,97af3c10,BC3-SM-SLC-1SVV-20231212T031908-002914-000017-000B62/manifest.safe,BC3-SM-SLC-1SVV-20231212T031908-002914-000017-000B62/annotation/bc3-sm-slc-vv-20231212t031908-002914-000017-000b62-01.xml,BC3-SM-SLC-1SVV-20231212T031908-002914-000017-000B62/annotation/calibration/calibration-bc3-sm-slc-vv-20231212t031908-002914-000017-000b62-01.xml,2023-12-12T03:19:08.185946,2023-12-12T03:19:11.576252,DESCENDING,S1,S1,167.524,120000000.0,5400000100.0,1.249135241667,1.797271346667,0.0002427,12670,13970,37.6874,116.9425,38.9035,117.3034,39.1747,True,"[[117.0141, 39.1747], [117.3034, 39.114], [116.9425, 38.9641], [117.231, 38.9035]]",1,True,True
20231223,031852,003134,000167,VV,/home/u/Downloads/中国天津市点位2/降轨-左视/BC3-003134/BC3-SM-SLC-1SVV-20231223T031852-003134-000167-000C3E.zip,657173895,09ad841bff443b11d88002d2bd796b644db2204a0106c8a4cb5cb6fd064742c2,BC3-SM-SLC-1SVV-20231223T031852-003134-000167-000C3E/measurement/bc3-sm-slc-vv-20231223t031852-003134-000167-000c3e-01.tiff,697034339,30717f65,BC3-SM-SLC-1SVV-20231223T031852-003134-000167-000C3E/manifest.safe,BC3-SM-SLC-1SVV-20231223T031852-003134-000167-000C3E/annotation/bc3-sm-slc-vv-20231223t031852-003134-000167-000c3e-01.xml,BC3-SM-SLC-1SVV-20231223T031852-003134-000167-000C3E/annotation/calibration/calibration-bc3-sm-slc-vv-20231223t031852-003134-000167-000c3e-01.xml,2023-12-23T03:18:52.713872,2023-12-23T03:18:56.104177,DESCENDING,S1,S1,167.5255,120000000.0,5400000100.0,1.249135241667,1.790609757082,0.0002418,12426,14022,37.6193,117.0034,39.1014,117.3603,39.3716,True,"[[117.0753, 39.3716], [117.3603, 39.3119], [117.0034, 39.161], [117.2876, 39.1014]]",1,True,True
20231223,031855,003134,000167,VV,/home/u/Downloads/中国天津市点位2/降轨-左视/BC3-003134/BC3-SM-SLC-1SVV-20231223T031855-003134-000167-000C3E.zip,655313261,66ff0fac9536d8771e58e5fa06c37a160333f7e2b76d9e81a655a87cf9f395b1,BC3-SM-SLC-1SVV-20231223T031855-003134-000167-000C3E/measurement/bc3-sm-slc-vv-20231223t031855-003134-000167-000c3e-01.tiff,697034339,152dd735,BC3-SM-SLC-1SVV-20231223T031855-003134-000167-000C3E/manifest.safe,BC3-SM-SLC-1SVV-20231223T031855-003134-000167-000C3E/annotation/bc3-sm-slc-vv-20231223t031855-003134-000167-000c3e-01.xml,BC3-SM-SLC-1SVV-20231223T031855-003134-000167-000C3E/annotation/calibration/calibration-bc3-sm-slc-vv-20231223t031855-003134-000167-000c3e-01.xml,2023-12-23T03:18:55.853676,2023-12-23T03:18:59.243981,DESCENDING,S1,S1,167.5255,120000000.0,5400000100.0,1.249135241667,1.790609757082,0.0002418,12426,14022,37.6193,116.9372,38.9065,117.293,39.1766,True,"[[117.0087, 39.1766], [117.293, 39.117], [116.9372, 38.9659], [117.2206, 38.9065]]",1,True,True
20240103,031840,003378,000017,VV,/home/u/Downloads/中国天津市点位2/降轨-左视/BC3-003378/BC3-SM-SLC-1SVV-20240103T031840-003378-000017-000D32.zip,661165488,661b27c08ff9064d2ddfdbafc07086a482277a13abd77661fcba81c6ea5367ac,BC3-SM-SLC-1SVV-20240103T031840-003378-000017-000D32/measurement/bc3-sm-slc-vv-20240103t031840-003378-000017-000d32-01.tiff,697034339,1a7c0090,BC3-SM-SLC-1SVV-20240103T031840-003378-000017-000D32/manifest.safe,BC3-SM-SLC-1SVV-20240103T031840-003378-000017-000D32/annotation/bc3-sm-slc-vv-20240103t031840-003378-000017-000d32-01.xml,BC3-SM-SLC-1SVV-20240103T031840-003378-000017-000D32/annotation/calibration/calibration-bc3-sm-slc-vv-20240103t031840-003378-000017-000d32-01.xml,2024-01-03T03:18:40.977504,2024-01-03T03:18:44.367810,DESCENDING,S1,S1,167.5245,120000000.0,5400000100.0,1.249135241667,1.790600751937,0.0002418,12426,14022,37.6169,117.0019,39.1027,117.3588,39.3729,True,"[[117.0738, 39.3729], [117.3588, 39.3132], [117.0019, 39.1623], [117.2861, 39.1027]]",1,True,True
20240103,031844,003378,000017,VV,/home/u/Downloads/中国天津市点位2/降轨-左视/BC3-003378/BC3-SM-SLC-1SVV-20240103T031844-003378-000017-000D32.zip,659258709,b231d38b7560505788d35e913287b9474310dbfe1d333369136b304ec75d8e8b,BC3-SM-SLC-1SVV-20240103T031844-003378-000017-000D32/measurement/bc3-sm-slc-vv-20240103t031844-003378-000017-000d32-01.tiff,697034339,0799ee50,BC3-SM-SLC-1SVV-20240103T031844-003378-000017-000D32/manifest.safe,BC3-SM-SLC-1SVV-20240103T031844-003378-000017-000D32/annotation/bc3-sm-slc-vv-20240103t031844-003378-000017-000d32-01.xml,BC3-SM-SLC-1SVV-20240103T031844-003378-000017-000D32/annotation/calibration/calibration-bc3-sm-slc-vv-20240103t031844-003378-000017-000d32-01.xml,2024-01-03T03:18:44.117308,2024-01-03T03:18:47.507614,DESCENDING,S1,S1,167.5245,120000000.0,5400000100.0,1.249135241667,1.790600751937,0.0002418,12426,14022,37.6169,116.9357,38.9078,117.2915,39.1779,True,"[[117.0072, 39.1779], [117.2915, 39.1183], [116.9357, 38.9672], [117.2191, 38.9078]]",1,True,True
20240114,031829,003596,000017,VV,/home/u/Downloads/中国天津市点位2/降轨-左视/BC3-003596/BC3-SM-SLC-1SVV-20240114T031829-003596-000017-000E0C.zip,659705130,a117832a2c42ab377d343224bb77af8536ac7aff4e9b97332174a9968ac5a5d8,BC3-SM-SLC-1SVV-20240114T031829-003596-000017-000E0C.zip/measurement/bc3-sm-slc-vv-20240114t031829-003596-000017-000e0c-01.tiff,697034339,9377906e,BC3-SM-SLC-1SVV-20240114T031829-003596-000017-000E0C.zip/manifest.safe,BC3-SM-SLC-1SVV-20240114T031829-003596-000017-000E0C.zip/annotation/bc3-sm-slc-vv-20240114t031829-003596-000017-000e0c-01.xml,BC3-SM-SLC-1SVV-20240114T031829-003596-000017-000E0C.zip/annotation/calibration/calibration-bc3-sm-slc-vv-20240114t031829-003596-000017-000e0c-01.xml,2024-01-14T03:18:29.037205,2024-01-14T03:18:32.427500,DESCENDING,S1,S1,167.5242,120000000.0,5400000100.0,1.249135241667,1.790585890079,0.0002418,12426,14022,37.6125,117.002,39.1027,117.359,39.3728,True,"[[117.0739, 39.3728], [117.359, 39.3131], [117.002, 39.1623], [117.2862, 39.1027]]",1,True,True
20240114,031832,003596,000017,VV,/home/u/Downloads/中国天津市点位2/降轨-左视/BC3-003596/BC3-SM-SLC-1SVV-20240114T031832-003596-000017-000E0C.zip,658208681,6ec42308254484f64ba8ac8d55015176b9ffe458b84aa2303741e15143f9a228,BC3-SM-SLC-1SVV-20240114T031832-003596-000017-000E0C.zip/measurement/bc3-sm-slc-vv-20240114t031832-003596-000017-000e0c-01.tiff,697034339,6d619f86,BC3-SM-SLC-1SVV-20240114T031832-003596-000017-000E0C.zip/manifest.safe,BC3-SM-SLC-1SVV-20240114T031832-003596-000017-000E0C.zip/annotation/bc3-sm-slc-vv-20240114t031832-003596-000017-000e0c-01.xml,BC3-SM-SLC-1SVV-20240114T031832-003596-000017-000E0C.zip/annotation/calibration/calibration-bc3-sm-slc-vv-20240114t031832-003596-000017-000e0c-01.xml,2024-01-14T03:18:32.177000,2024-01-14T03:18:35.567294,DESCENDING,S1,S1,167.5242,120000000.0,5400000100.0,1.249135241667,1.790585890079,0.0002418,12426,14022,37.6125,116.9358,38.9078,117.2916,39.1778,True,"[[117.0073, 39.1778], [117.2916, 39.1182], [116.9358, 38.9672], [117.2192, 38.9078]]",1,True,True
20240125,031817,003834,000017,VV,/home/u/Downloads/中国天津市点位2/降轨-左视/BC3-003834/BC3-SM-SLC-1SVV-20240125T031817-003834-000017-000EFA.zip,657291007,6b6b93dba1542216c578fd34080caf0b7924be95191e0c8ecb287cc543ee8be9,BC3-SM-SLC-1SVV-20240125T031817-003834-000017-000EFA.zip/measurement/bc3-sm-slc-vv-20240125t031817-003834-000017-000efa-01.tiff,697034339,098dadf6,BC3-SM-SLC-1SVV-20240125T031817-003834-000017-000EFA.zip/manifest.safe,BC3-SM-SLC-1SVV-20240125T031817-003834-000017-000EFA.zip/annotation/bc3-sm-slc-vv-20240125t031817-003834-000017-000efa-01.xml,BC3-SM-SLC-1SVV-20240125T031817-003834-000017-000EFA.zip/annotation/calibration/calibration-bc3-sm-slc-vv-20240125t031817-003834-000017-000efa-01.xml,2024-01-25T03:18:17.259075,2024-01-25T03:18:20.649371,DESCENDING,S1,S1,167.5288,120000000.0,5400000100.0,1.249135241667,1.790584880085,0.0002418,12426,14022,37.6108,117.0022,39.103,117.3592,39.3732,True,"[[117.0741, 39.3732], [117.3592, 39.3135], [117.0022, 39.1626], [117.2864, 39.103]]",1,True,True
20240125,031820,003834,000017,VV,/home/u/Downloads/中国天津市点位2/降轨-左视/BC3-003834/BC3-SM-SLC-1SVV-20240125T031820-003834-000017-000EFA.zip,657325155,cf67d49cbfe4aa6de3baa1ee8de78cedaac9ba5517a09a38c617a2f819daa2d9,BC3-SM-SLC-1SVV-20240125T031820-003834-000017-000EFA.zip/measurement/bc3-sm-slc-vv-20240125t031820-003834-000017-000efa-01.tiff,697034339,f43db26d,BC3-SM-SLC-1SVV-20240125T031820-003834-000017-000EFA.zip/manifest.safe,BC3-SM-SLC-1SVV-20240125T031820-003834-000017-000EFA.zip/annotation/bc3-sm-slc-vv-20240125t031820-003834-000017-000efa-01.xml,BC3-SM-SLC-1SVV-20240125T031820-003834-000017-000EFA.zip/annotation/calibration/calibration-bc3-sm-slc-vv-20240125t031820-003834-000017-000efa-01.xml,2024-01-25T03:18:20.398859,2024-01-25T03:18:23.789154,DESCENDING,S1,S1,167.5288,120000000.0,5400000100.0,1.249135241667,1.790584880085,0.0002418,12426,14022,37.6108,116.936,38.9081,117.2918,39.1782,True,"[[117.0075, 39.1782], [117.2918, 39.1186], [116.936, 38.9675], [117.2194, 38.9081]]",1,True,True
20240205,031805,004052,000017,VV,/home/u/Downloads/中国天津市点位2/降轨-左视/BC3-004052/BC3-SM-SLC-1SVV-20240205T031805-004052-000017-000FD4.zip,656156216,3f2db8a0e0faefac002cedf6212cf68f3e2494505a8fa6f19f3dafc29b578c90,BC3-SM-SLC-1SVV-20240205T031805-004052-000017-000FD4.zip/measurement/bc3-sm-slc-vv-20240205t031805-004052-000017-000fd4-01.tiff,697034339,a222aca0,BC3-SM-SLC-1SVV-20240205T031805-004052-000017-000FD4.zip/manifest.safe,BC3-SM-SLC-1SVV-20240205T031805-004052-000017-000FD4.zip/annotation/bc3-sm-slc-vv-20240205t031805-004052-000017-000fd4-01.xml,BC3-SM-SLC-1SVV-20240205T031805-004052-000017-000FD4.zip/annotation/calibration/calibration-bc3-sm-slc-vv-20240205t031805-004052-000017-000fd4-01.xml,2024-02-05T03:18:05.567497,2024-02-05T03:18:08.957782,DESCENDING,S1,S1,167.5267,120000000.0,5400000100.0,1.249135241667,1.790582263055,0.0002418,12426,14022,37.6138,117.0029,39.1028,117.3598,39.373,True,"[[117.0748, 39.373], [117.3598, 39.3133], [117.0029, 39.1624], [117.2871, 39.1028]]",1,True,True
20240205,031808,004052,000017,VV,/home/u/Downloads/中国天津市点位2/降轨-左视/BC3-004052/BC3-SM-SLC-1SVV-20240205T031808-004052-000017-000FD4.zip,655032638,8d8c9446b66fbeb28a3de6c53354eabe6ab607733147ea0140c9ccf6a90a0fda,BC3-SM-SLC-1SVV-20240205T031808-004052-000017-000FD4.zip/measurement/bc3-sm-slc-vv-20240205t031808-004052-000017-000fd4-01.tiff,697034339,f3f1f75c,BC3-SM-SLC-1SVV-20240205T031808-004052-000017-000FD4.zip/manifest.safe,BC3-SM-SLC-1SVV-20240205T031808-004052-000017-000FD4.zip/annotation/bc3-sm-slc-vv-20240205t031808-004052-000017-000fd4-01.xml,BC3-SM-SLC-1SVV-20240205T031808-004052-000017-000FD4.zip/annotation/calibration/calibration-bc3-sm-slc-vv-20240205t031808-004052-000017-000fd4-01.xml,2024-02-05T03:18:08.707271,2024-02-05T03:18:12.097556,DESCENDING,S1,S1,167.5267,120000000.0,5400000100.0,1.249135241667,1.790582263055,0.0002418,12426,14022,37.6138,116.9366,38.9079,117.2925,39.178,True,"[[117.0082, 39.178], [117.2925, 39.1184], [116.9366, 38.9673], [117.2201, 38.9079]]",1,True,True
20240216,031753,004253,000017,VV,/home/u/Downloads/中国天津市点位2/降轨-左视/BC3-004253/BC3-SM-SLC-1SVV-20240216T031753-004253-000017-00109D.zip,660108088,6d1675706a4ba344c21f1fb1df8f3920030e05b100bb8fbd6272577d671e8223,BC3-SM-SLC-1SVV-20240216T031753-004253-000017-00109D.zip/measurement/bc3-sm-slc-vv-20240216t031753-004253-000017-00109d-01.tiff,697034339,972bc5c1,BC3-SM-SLC-1SVV-20240216T031753-004253-000017-00109D.zip/manifest.safe,BC3-SM-SLC-1SVV-20240216T031753-004253-000017-00109D.zip/annotation/bc3-sm-slc-vv-20240216t031753-004253-000017-00109d-01.xml,BC3-SM-SLC-1SVV-20240216T031753-004253-000017-00109D.zip/annotation/calibration/calibration-bc3-sm-slc-vv-20240216t031753-004253-000017-00109d-01.xml,2024-02-16T03:17:53.927276,2024-02-16T03:17:57.317562,DESCENDING,S1,S1,167.525,120000000.0,5400000100.0,1.249135241667,1.790592126144,0.0002418,12426,14022,37.6149,117.0027,39.1024,117.3596,39.3725,True,"[[117.0746, 39.3725], [117.3596, 39.3128], [117.0027, 39.1619], [117.2869, 39.1024]]",1,True,True
20240216,031757,004253,000017,VV,/home/u/Downloads/中国天津市点位2/降轨-左视/BC3-004253/BC3-SM-SLC-1SVV-20240216T031757-004253-000017-00109D.zip,658880282,21f12d143ee7e9d32ff8f85513fd916306dfefd9c37fbb4eedd0e22a230c8a88,BC3-SM-SLC-1SVV-20240216T031757-004253-000017-00109D.zip/measurement/bc3-sm-slc-vv-20240216t031757-004253-000017-00109d-01.tiff,697034339,1444bac8,BC3-SM-SLC-1SVV-20240216T031757-004253-000017-00109D.zip/manifest.safe,BC3-SM-SLC-1SVV-20240216T031757-004253-000017-00109D.zip/annotation/bc3-sm-slc-vv-20240216t031757-004253-000017-00109d-01.xml,BC3-SM-SLC-1SVV-20240216T031757-004253-000017-00109D.zip/annotation/calibration/calibration-bc3-sm-slc-vv-20240216t031757-004253-000017-00109d-01.xml,2024-02-16T03:17:57.067060,2024-02-16T03:18:00.457346,DESCENDING,S1,S1,167.525,120000000.0,5400000100.0,1.249135241667,1.790592126144,0.0002418,12426,14022,37.6149,116.9365,38.9074,117.2923,39.1775,True,"[[117.008, 39.1775], [117.2923, 39.1179], [116.9365, 38.9669], [117.2199, 38.9074]]",1,True,True
20240227,031742,004484,000017,VV,/home/u/Downloads/中国天津市点位2/降轨-左视/BC3-004484/BC3-SM-SLC-1SVV-20240227T031742-004484-000017-001184.zip,659802461,833125a292e145318584732e5b417392ed741f5a633babd5a3a789b70404f20e,BC3-SM-SLC-1SVV-20240227T031742-004484-000017-001184.zip/measurement/bc3-sm-slc-vv-20240227t031742-004484-000017-001184-01.tiff,697034339,cbb3654c,BC3-SM-SLC-1SVV-20240227T031742-004484-000017-001184.zip/manifest.safe,BC3-SM-SLC-1SVV-20240227T031742-004484-000017-001184.zip/annotation/bc3-sm-slc-vv-20240227t031742-004484-000017-001184-01.xml,BC3-SM-SLC-1SVV-20240227T031742-004484-000017-001184.zip/annotation/calibration/calibration-bc3-sm-slc-vv-20240227t031742-004484-000017-001184-01.xml,2024-02-27T03:17:42.518819,2024-02-27T03:17:45.909104,DESCENDING,S1,S1,167.5268,120000000.0,5400000100.0,1.249135241667,1.790579361103,0.0002418,12426,14022,37.6116,117.0017,39.1025,117.3587,39.3727,True,"[[117.0736, 39.3727], [117.3587, 39.313], [117.0017, 39.1621], [117.286, 39.1025]]",1,True,True
20240227,031745,004484,000017,VV,/home/u/Downloads/中国天津市点位2/降轨-左视/BC3-004484/BC3-SM-SLC-1SVV-20240227T031745-004484-000017-001184.zip,659846370,493994fb15b203ba7b87bf9bfdcde13c4302749bdd42da68e04ef96bd4039351,BC3-SM-SLC-1SVV-20240227T031745-004484-000017-001184.zip/measurement/bc3-sm-slc-vv-20240227t031745-004484-000017-001184-01.tiff,697034339,8f5355a1,BC3-SM-SLC-1SVV-20240227T031745-004484-000017-001184.zip/manifest.safe,BC3-SM-SLC-1SVV-20240227T031745-004484-000017-001184.zip/annotation/bc3-sm-slc-vv-20240227t031745-004484-000017-001184-01.xml,BC3-SM-SLC-1SVV-20240227T031745-004484-000017-001184.zip/annotation/calibration/calibration-bc3-sm-slc-vv-20240227t031745-004484-000017-001184-01.xml,2024-02-27T03:17:45.658603,2024-02-27T03:17:49.048888,DESCENDING,S1,S1,167.5268,120000000.0,5400000100.0,1.249135241667,1.790579361103,0.0002418,12426,14022,37.6116,116.9355,38.9076,117.2913,39.1777,True,"[[117.007, 39.1777], [117.2913, 39.1181], [116.9355, 38.967], [117.219, 38.9076]]",1,True,True
20240309,031730,004738,000016,VV,/home/u/Downloads/中国天津市点位2/降轨-左视/BC3-004738/BC3-SM-SLC-1SVV-20240309T031730-004738-000016-001282.zip,662101786,a37aab54fc90003a6fc37af5f3d9db3869f7f939e5391dd3a5d21a3a01d8c7d9,BC3-SM-SLC-VV-20240309T031730-004738-000016-001282/measurement/bc3-sm-slc-vv-20240309t031730-004738-000016-001282-01.tiff,697034339,1c50a1e4,BC3-SM-SLC-VV-20240309T031730-004738-000016-001282/manifest.safe,BC3-SM-SLC-VV-20240309T031730-004738-000016-001282/annotation/bc3-sm-slc-vv-20240309t031730-004738-000016-001282-01.xml,BC3-SM-SLC-VV-20240309T031730-004738-000016-001282/annotation/calibration/calibration-bc3-sm-slc-vv-20240309t031730-004738-000016-001282-01.xml,2024-03-09T03:17:30.815583,2024-03-09T03:17:34.205869,DESCENDING,S1,S1,167.5251,120000000.0,5400000100.0,1.249135241667,1.790580436888,0.0002418,12426,14022,37.6109,117.003,39.1036,117.36,39.3738,True,"[[117.0749, 39.3738], [117.36, 39.3141], [117.003, 39.1632], [117.2873, 39.1036]]",1,True,True
20240309,031733,004738,000016,VV,/home/u/Downloads/中国天津市点位2/降轨-左视/BC3-004738/BC3-SM-SLC-1SVV-20240309T031733-004738-000016-001282.zip,661840263,2bf89784588f059965c5d3c5828b67a43bd83ae3eadbe0b0ac305839e189fe05,BC3-SM-SLC-VV-20240309T031733-004738-000016-001282/measurement/bc3-sm-slc-vv-20240309t031733-004738-000016-001282-01.tiff,697034339,ccefd36f,BC3-SM-SLC-VV-20240309T031733-004738-000016-001282/manifest.safe,BC3-SM-SLC-VV-20240309T031733-004738-000016-001282/annotation/bc3-sm-slc-vv-20240309t031733-004738-000016-001282-01.xml,BC3-SM-SLC-VV-20240309T031733-004738-000016-001282/annotation/calibration/calibration-bc3-sm-slc-vv-20240309t031733-004738-000016-001282-01.xml,2024-03-09T03:17:33.955367,2024-03-09T03:17:37.345652,DESCENDING,S1,S1,167.5251,120000000.0,5400000100.0,1.249135241667,1.790580436888,0.0002418,12426,14022,37.6109,116.9368,38.9087,117.2927,39.1788,True,"[[117.0083, 39.1788], [117.2927, 39.1192], [116.9368, 38.9682], [117.2203, 38.9087]]",1,True,True
20240331,031708,005336,000016,VV,/home/u/Downloads/中国天津市点位2/降轨-左视/BC3-005336/BC3-SM-SLC-1SVV-20240331T031708-005336-000016-0014D8.zip,663030119,1269193bf545dda452b5229617767d219a1126b64cddaaaa40eccc12e0832ffb,BC3-SM-SLC-1SVV-20240331T031708-005336-000016-0014D8/measurement/bc3-sm-slc-vv-20240331t031708-005336-000016-0014d8-01.tiff,697034339,e7c1379f,BC3-SM-SLC-1SVV-20240331T031708-005336-000016-0014D8/manifest.safe,BC3-SM-SLC-1SVV-20240331T031708-005336-000016-0014D8/annotation/bc3-sm-slc-vv-20240331t031708-005336-000016-0014d8-01.xml,BC3-SM-SLC-1SVV-20240331T031708-005336-000016-0014D8/annotation/calibration/calibration-bc3-sm-slc-vv-20240331t031708-005336-000016-0014d8-01.xml,2024-03-31T03:17:08.182906,2024-03-31T03:17:11.573201,DESCENDING,S1,S1,167.5293,120000000.0,5400000100.0,1.249135241667,1.79058607422,0.0002418,12426,14022,37.6119,117.0025,39.104,117.3594,39.3742,True,"[[117.0744, 39.3742], [117.3594, 39.3144], [117.0025, 39.1636], [117.2867, 39.104]]",1,True,True
20240331,031711,005336,000016,VV,/home/u/Downloads/中国天津市点位2/降轨-左视/BC3-005336/BC3-SM-SLC-1SVV-20240331T031711-005336-000016-0014D8.zip,662272811,1a869c2601f22e456e21ac937be82890679370d53ccbc9ee15b67c7d4c66d941,BC3-SM-SLC-1SVV-20240331T031711-005336-000016-0014D8/measurement/bc3-sm-slc-vv-20240331t031711-005336-000016-0014d8-01.tiff,697034339,054f2000,BC3-SM-SLC-1SVV-20240331T031711-005336-000016-0014D8/manifest.safe,BC3-SM-SLC-1SVV-20240331T031711-005336-000016-0014D8/annotation/bc3-sm-slc-vv-20240331t031711-005336-000016-0014d8-01.xml,BC3-SM-SLC-1SVV-20240331T031711-005336-000016-0014D8/annotation/calibration/calibration-bc3-sm-slc-vv-20240331t031711-005336-000016-0014d8-01.xml,2024-03-31T03:17:11.322700,2024-03-31T03:17:14.713000,DESCENDING,S1,S1,167.5293,120000000.0,5400000100.0,1.249135241667,1.79058607422,0.0002418,12426,14022,37.6119,116.9362,38.9091,117.2921,39.1791,True,"[[117.0078, 39.1791], [117.2921, 39.1195], [116.9362, 38.9685], [117.2197, 38.9091]]",1,True,True
20240411,031656,005626,000017,VV,/home/u/Downloads/中国天津市点位2/降轨-左视/BC3-005626/BC3-SM-SLC-1SVV-20240411T031656-005626-000017-0015FA.zip,664395175,384829c4910d99c0216f48d116d5953886a8fb697c8d4d6ad9804db0a5853fbb,BC3-SM-SLC-1SVV-20240411T031656-005626-000017-0015FA/measurement/bc3-sm-slc-vv-20240411t031656-005626-000017-0015fa-01.tiff,697034339,c31a0acd,BC3-SM-SLC-1SVV-20240411T031656-005626-000017-0015FA/manifest.safe,BC3-SM-SLC-1SVV-20240411T031656-005626-000017-0015FA/annotation/bc3-sm-slc-vv-20240411t031656-005626-000017-0015fa-01.xml,BC3-SM-SLC-1SVV-20240411T031656-005626-000017-0015FA/annotation/calibration/calibration-bc3-sm-slc-vv-20240411t031656-005626-000017-0015fa-01.xml,2024-04-11T03:16:56.641739,2024-04-11T03:17:00.032035,DESCENDING,S1,S1,167.5261,120000000.0,5400000100.0,1.249135241667,1.790596206262,0.0002418,12426,14022,37.616,117.0039,39.1039,117.3609,39.3741,True,"[[117.0758, 39.3741], [117.3609, 39.3143], [117.0039, 39.1635], [117.2882, 39.1039]]",1,True,True
20240411,031659,005626,000017,VV,/home/u/Downloads/中国天津市点位2/降轨-左视/BC3-005626/BC3-SM-SLC-1SVV-20240411T031659-005626-000017-0015FA.zip,663393148,8aad652384a48da79979de7c47c767a2d75a9e4fa63fb85193c326ed9e49b50d,BC3-SM-SLC-1SVV-20240411T031659-005626-000017-0015FA/measurement/bc3-sm-slc-vv-20240411t031659-005626-000017-0015fa-01.tiff,697034339,782cb07c,BC3-SM-SLC-1SVV-20240411T031659-005626-000017-0015FA/manifest.safe,BC3-SM-SLC-1SVV-20240411T031659-005626-000017-0015FA/annotation/bc3-sm-slc-vv-20240411t031659-005626-000017-0015fa-01.xml,BC3-SM-SLC-1SVV-20240411T031659-005626-000017-0015FA/annotation/calibration/calibration-bc3-sm-slc-vv-20240411t031659-005626-000017-0015fa-01.xml,2024-04-11T03:16:59.781533,2024-04-11T03:17:03.171829,DESCENDING,S1,S1,167.5261,120000000.0,5400000100.0,1.249135241667,1.790596206262,0.0002418,12426,14022,37.616,116.9377,38.909,117.2935,39.179,True,"[[117.0092, 39.179], [117.2935, 39.1194], [116.9377, 38.9684], [117.2212, 38.909]]",1,True,True
20240422,031645,005901,000016,VV,/home/u/Downloads/中国天津市点位2/降轨-左视/BC3-005901/BC3-SM-SLC-1SVV-20240422T031645-005901-000016-00170D.zip,664570131,2298f2ebc9145108330466ad4097c87003486096f84d8f1bcf687b934d71202e,BC3-SM-SLC-1SVV-20240422T031645-005901-000016-00170D/measurement/bc3-sm-slc-vv-20240422t031645-005901-000016-00170d-01.tiff,697034339,851e99a6,BC3-SM-SLC-1SVV-20240422T031645-005901-000016-00170D/manifest.safe,BC3-SM-SLC-1SVV-20240422T031645-005901-000016-00170D/annotation/bc3-sm-slc-vv-20240422t031645-005901-000016-00170d-01.xml,BC3-SM-SLC-1SVV-20240422T031645-005901-000016-00170D/annotation/calibration/calibration-bc3-sm-slc-vv-20240422t031645-005901-000016-00170d-01.xml,2024-04-22T03:16:45.478452,2024-04-22T03:16:48.868748,DESCENDING,S1,S1,167.5269,120000000.0,5400000100.0,1.249135241667,1.790598009154,0.0002418,12426,14022,37.6148,117.0037,39.1034,117.3606,39.3736,True,"[[117.0755, 39.3736], [117.3606, 39.3139], [117.0037, 39.163], [117.2879, 39.1034]]",1,True,True
20240422,031648,005901,000016,VV,/home/u/Downloads/中国天津市点位2/降轨-左视/BC3-005901/BC3-SM-SLC-1SVV-20240422T031648-005901-000016-00170D.zip,663488734,73c312ba4fdb4333bddf0ae1f997b72e23712ebb2862557cb372a3b43764b3e2,BC3-SM-SLC-1SVV-20240422T031648-005901-000016-00170D/measurement/bc3-sm-slc-vv-20240422t031648-005901-000016-00170d-01.tiff,697034339,eeeabf96,BC3-SM-SLC-1SVV-20240422T031648-005901-000016-00170D/manifest.safe,BC3-SM-SLC-1SVV-20240422T031648-005901-000016-00170D/annotation/bc3-sm-slc-vv-20240422t031648-005901-000016-00170d-01.xml,BC3-SM-SLC-1SVV-20240422T031648-005901-000016-00170D/annotation/calibration/calibration-bc3-sm-slc-vv-20240422t031648-005901-000016-00170d-01.xml,2024-04-22T03:16:48.618246,2024-04-22T03:16:52.008542,DESCENDING,S1,S1,167.5269,120000000.0,5400000100.0,1.249135241667,1.790598009154,0.0002418,12426,14022,37.6148,116.9374,38.9085,117.2932,39.1786,True,"[[117.009, 39.1786], [117.2932, 39.119], [116.9374, 38.9679], [117.2209, 38.9085]]",1,True,True
20240503,031634,006180,000016,VV,/home/u/Downloads/中国天津市点位2/降轨-左视/BC3-006180/BC3-SM-SLC-1SVV-20240503T031634-006180-000016-001824.zip,666398313,d27fa62a0161cf8090539fc86ce169c1a966720ca96def7dca226fc90beca9a8,BC3-SM-SLC-1SVV-20240503T031634-006180-000016-001824/measurement/bc3-sm-slc-vv-20240503t031634-006180-000016-001824-01.tiff,697034339,81bd0ccb,BC3-SM-SLC-1SVV-20240503T031634-006180-000016-001824/manifest.safe,BC3-SM-SLC-1SVV-20240503T031634-006180-000016-001824/annotation/bc3-sm-slc-vv-20240503t031634-006180-000016-001824-01.xml,BC3-SM-SLC-1SVV-20240503T031634-006180-000016-001824/annotation/calibration/calibration-bc3-sm-slc-vv-20240503t031634-006180-000016-001824-01.xml,2024-05-03T03:16:34.446195,2024-05-03T03:16:37.836490,DESCENDING,S1,S1,167.5269,120000000.0,5400000100.0,1.249135241667,1.790576909517,0.0002418,12426,14022,37.6068,117.0024,39.1037,117.3594,39.3739,True,"[[117.0743, 39.3739], [117.3594, 39.3142], [117.0024, 39.1633], [117.2867, 39.1037]]",1,True,True
20240503,031637,006180,000016,VV,/home/u/Downloads/中国天津市点位2/降轨-左视/BC3-006180/BC3-SM-SLC-1SVV-20240503T031637-006180-000016-001824.zip,664786776,49ca3da3617f533e74e5ee336a3c0e961fbb643b79a1ec0a2abad8c9e802e53e,BC3-SM-SLC-1SVV-20240503T031637-006180-000016-001824/measurement/bc3-sm-slc-vv-20240503t031637-006180-000016-001824-01.tiff,697034339,9f2dd548,BC3-SM-SLC-1SVV-20240503T031637-006180-000016-001824/manifest.safe,BC3-SM-SLC-1SVV-20240503T031637-006180-000016-001824/annotation/bc3-sm-slc-vv-20240503t031637-006180-000016-001824-01.xml,BC3-SM-SLC-1SVV-20240503T031637-006180-000016-001824/annotation/calibration/calibration-bc3-sm-slc-vv-20240503t031637-006180-000016-001824-01.xml,2024-05-03T03:16:37.585989,2024-05-03T03:16:40.976284,DESCENDING,S1,S1,167.5269,120000000.0,5400000100.0,1.249135241667,1.790576909517,0.0002418,12426,14022,37.6068,116.9362,38.9088,117.292,39.1789,True,"[[117.0077, 39.1789], [117.292, 39.1193], [116.9362, 38.9683], [117.2197, 38.9088]]",1,True,True
20240514,031623,006442,000016,VV,/home/u/Downloads/中国天津市点位2/降轨-左视/BC3-006442/BC3-SM-SLC-1SVV-20240514T031623-006442-000016-00192A.zip,666124460,983a6fa099d68336847fa4bb8576c83ab7d5d860ce93a2316811f2b41da43f06,BC3-SM-SLC-1SVV-20240514T031623-006442-000016-00192A/measurement/bc3-sm-slc-vv-20240514t031623-006442-000016-00192a-01.tiff,697034339,d8d78cea,BC3-SM-SLC-1SVV-20240514T031623-006442-000016-00192A/manifest.safe,BC3-SM-SLC-1SVV-20240514T031623-006442-000016-00192A/annotation/bc3-sm-slc-vv-20240514t031623-006442-000016-00192a-01.xml,BC3-SM-SLC-1SVV-20240514T031623-006442-000016-00192A/annotation/calibration/calibration-bc3-sm-slc-vv-20240514t031623-006442-000016-00192a-01.xml,2024-05-14T03:16:23.543599,2024-05-14T03:16:26.933894,DESCENDING,S1,S1,167.5272,120000000.0,5400000100.0,1.249135241667,1.790601395782,0.0002418,12426,14022,37.6186,117.0018,39.1036,117.3587,39.3738,True,"[[117.0737, 39.3738], [117.3587, 39.314], [117.0018, 39.1632], [117.286, 39.1036]]",1,True,True
20240514,031626,006442,000016,VV,/home/u/Downloads/中国天津市点位2/降轨-左视/BC3-006442/BC3-SM-SLC-1SVV-20240514T031626-006442-000016-00192A.zip,665417654,6cacfebddc8bc93dd0ebb3bbb5c626faff09ec6f9e4a5c0a19f6f69706ba0e3e,BC3-SM-SLC-1SVV-20240514T031626-006442-000016-00192A/measurement/bc3-sm-slc-vv-20240514t031626-006442-000016-00192a-01.tiff,697034339,a763e460,BC3-SM-SLC-1SVV-20240514T031626-006442-000016-00192A/manifest.safe,BC3-SM-SLC-1SVV-20240514T031626-006442-000016-00192A/annotation/bc3-sm-slc-vv-20240514t031626-006442-000016-00192a-01.xml,BC3-SM-SLC-1SVV-20240514T031626-006442-000016-00192A/annotation/calibration/calibration-bc3-sm-slc-vv-20240514t031626-006442-000016-00192a-01.xml,2024-05-14T03:16:26.683392,2024-05-14T03:16:30.073688,DESCENDING,S1,S1,167.5272,120000000.0,5400000100.0,1.249135241667,1.790601395782,0.0002418,12426,14022,37.6186,116.9356,38.9087,117.2913,39.1787,True,"[[117.0071, 39.1787], [117.2913, 39.1191], [116.9356, 38.9681], [117.219, 38.9087]]",1,True,True
20240525,031611,006720,000016,VV,/home/u/Downloads/中国天津市点位2/降轨-左视/BC3-006720/BC3-SM-SLC-1SVV-20240525T031611-006720-000016-001A40.zip,670731833,ba3b3c230961d848790bc2238fcc1c9adf5dc9b723be0ccfdb70e348291eb58a,BC3-SM-SLC-1SVV-20240525T031611-006720-000016-001A40/measurement/bc3-sm-slc-vv-20240525t031611-006720-000016-001a40-01.tiff,697034339,6b843a78,BC3-SM-SLC-1SVV-20240525T031611-006720-000016-001A40/manifest.safe,BC3-SM-SLC-1SVV-20240525T031611-006720-000016-001A40/annotation/bc3-sm-slc-vv-20240525t031611-006720-000016-001a40-01.xml,BC3-SM-SLC-1SVV-20240525T031611-006720-000016-001A40/annotation/calibration/calibration-bc3-sm-slc-vv-20240525t031611-006720-000016-001a40-01.xml,2024-05-25T03:16:11.755692,2024-05-25T03:16:15.145988,DESCENDING,S1,S1,167.5256,120000000.0,5400000100.0,1.249135241667,1.790586596888,0.0002418,12426,14022,37.6106,117.0028,39.103,117.3597,39.3732,True,"[[117.0747, 39.3732], [117.3597, 39.3134], [117.0028, 39.1626], [117.287, 39.103]]",1,True,True
20240525,031614,006720,000016,VV,/home/u/Downloads/中国天津市点位2/降轨-左视/BC3-006720/BC3-SM-SLC-1SVV-20240525T031614-006720-000016-001A40.zip,670753002,ba706cb1dd552c7fb8aa31539f4e509e4788af96a3795d8aaabc28d7d3dab7fe,BC3-SM-SLC-1SVV-20240525T031614-006720-000016-001A40/measurement/bc3-sm-slc-vv-20240525t031614-006720-000016-001a40-01.tiff,697034339,a183fe33,BC3-SM-SLC-1SVV-20240525T031614-006720-000016-001A40/manifest.safe,BC3-SM-SLC-1SVV-20240525T031614-006720-000016-001A40/annotation/bc3-sm-slc-vv-20240525t031614-006720-000016-001a40-01.xml,BC3-SM-SLC-1SVV-20240525T031614-006720-000016-001A40/annotation/calibration/calibration-bc3-sm-slc-vv-20240525t031614-006720-000016-001a40-01.xml,2024-05-25T03:16:14.895486,2024-05-25T03:16:18.285781,DESCENDING,S1,S1,167.5256,120000000.0,5400000100.0,1.249135241667,1.790586596888,0.0002418,12426,14022,37.6106,116.9365,38.9081,117.2924,39.1782,True,"[[117.0081, 39.1782], [117.2924, 39.1185], [116.9365, 38.9675], [117.22, 38.9081]]",1,True,True
20240605,031600,007038,000016,VV,/home/u/Downloads/中国天津市点位2/降轨-左视/BC3-007038/BC3-SM-SLC-1SVV-20240605T031600-007038-000016-001B7E.zip,666993786,abb3cb55adebfe85bb05e158da0dc2472733585cb04cc41f622b3fb3e096d9d9,BC3-SM-SLC-1SVV-20240605T031600-007038-000016-001B7E/measurement/bc3-sm-slc-vv-20240605t031600-007038-000016-001b7e-01.tiff,697034339,715cca77,BC3-SM-SLC-1SVV-20240605T031600-007038-000016-001B7E/manifest.safe,BC3-SM-SLC-1SVV-20240605T031600-007038-000016-001B7E/annotation/bc3-sm-slc-vv-20240605t031600-007038-000016-001b7e-01.xml,BC3-SM-SLC-1SVV-20240605T031600-007038-000016-001B7E/annotation/calibration/calibration-bc3-sm-slc-vv-20240605t031600-007038-000016-001b7e-01.xml,2024-06-05T03:16:00.458429,2024-06-05T03:16:03.848724,DESCENDING,S1,S1,167.5262,120000000.0,5400000100.0,1.249135241667,1.790586047678,0.0002418,12426,14022,37.6099,117.0038,39.1036,117.3608,39.3738,True,"[[117.0757, 39.3738], [117.3608, 39.314], [117.0038, 39.1632], [117.288, 39.1036]]",1,True,True
20240605,031603,007038,000016,VV,/home/u/Downloads/中国天津市点位2/降轨-左视/BC3-007038/BC3-SM-SLC-1SVV-20240605T031603-007038-000016-001B7E.zip,664521940,1bb81fb4f766f7103f956727c01897388f25b2896dcadff1e0a700b2779e0ad7,BC3-SM-SLC-1SVV-20240605T031603-007038-000016-001B7E/measurement/bc3-sm-slc-vv-20240605t031603-007038-000016-001b7e-01.tiff,697034339,094f4ab8,BC3-SM-SLC-1SVV-20240605T031603-007038-000016-001B7E/manifest.safe,BC3-SM-SLC-1SVV-20240605T031603-007038-000016-001B7E/annotation/bc3-sm-slc-vv-20240605t031603-007038-000016-001b7e-01.xml,BC3-SM-SLC-1SVV-20240605T031603-007038-000016-001B7E/annotation/calibration/calibration-bc3-sm-slc-vv-20240605t031603-007038-000016-001b7e-01.xml,2024-06-05T03:16:03.598223,2024-06-05T03:16:06.988518,DESCENDING,S1,S1,167.5262,120000000.0,5400000100.0,1.249135241667,1.790586047678,0.0002418,12426,14022,37.6099,116.9376,38.9087,117.2934,39.1787,True,"[[117.0091, 39.1787], [117.2934, 39.1191], [116.9376, 38.9681], [117.221, 38.9087]]",1,True,True
