building_uid,selected_pixel_count,iqr_retained_pixel_count,paper_text_median_m,original_code_range_m,robust_q95_q05_height_m,relative_height_q05_m,relative_height_q95_m,median_phase_residual_rms_rad,median_height_sigma_m,paper_text_median_45_m,robust_height_45_m,robust_height_network_difference_m,ground_ellipsoid_height_m,recommended_building_height_m,roof_ellipsoid_height_m,quality_pass,height_definition
19357,314,289,45.663909912109375,59.027082443237305,36.52419357299804,23.142683029174805,59.66687660217284,1.5913750529289246,5.2460901737213135,46.441654205322266,38.134540939331046,-1.6103473663330092,-5.099885940551758,36.52419357299804,31.42430763244628,True,SBAS像元相对高差的P95-P05；非先验填充
38755,71,56,5.167840480804443,32.630122035741806,27.927993595600128,1.8104965090751648,29.738490104675293,3.0915303230285645,7.466102123260498,5.912550449371338,29.14919751882553,-1.2212039232254028,-4.052759647369385,27.927993595600128,23.875233948230743,True,SBAS像元相对高差的P95-P05；非先验填充
38756,109,109,-10.207096099853516,25.510000705718994,16.37051101326942,-15.924373054504395,0.44613795876502715,3.169006824493408,1.0256274938583374,-10.104537010192871,16.214680832624435,0.15583018064498688,-4.0542097091674805,16.37051101326942,12.316301304101941,True,SBAS像元相对高差的P95-P05；非先验填充
38757,49,46,11.995258331298828,19.93318247795105,13.561497592926017,3.3476805686950692,16.909178161621085,4.605831623077393,15.839195251464844,15.209307670593262,11.16533575057983,2.396161842346187,-3.0534768104553223,13.561497592926017,10.508020782470695,False,SBAS像元相对高差的P95-P05；非先验填充
38758,60,59,-0.4177497923374176,16.683341026306152,8.899888479709622,-2.8959671616554257,6.003921318054196,1.3812034130096436,1.9556870460510254,-0.3095557391643524,9.338423311710354,-0.43853483200073207,-4.29771614074707,8.899888479709622,4.602172338962552,True,SBAS像元相对高差的P95-P05；非先验填充
38759,48,46,5.40430474281311,18.325635612010956,11.95790160205215,0.0838576028123498,12.0417592048645,2.895367741584778,2.4467068910598755,4.905266284942627,10.60101334452629,1.3568882575258598,-4.9330878257751465,11.95790160205215,7.0248137762770035,True,SBAS像元相对高差的P95-P05；非先验填充
38760,93,93,5.624614715576172,23.4250066280365,14.977333426475525,-1.1998965978622436,13.777436828613281,2.173569679260254,1.6329370737075806,5.962061882019043,14.865867567062375,0.11146585941314946,-4.702481746673584,14.977333426475525,10.274851679801941,True,SBAS像元相对高差的P95-P05；非先验填充
51702,62,55,2.18564510345459,112.49191284179688,44.81382269859313,-26.271060371398924,18.542762327194204,3.219500184059143,9.887609958648682,7.860093116760254,23.742138409614554,21.071684288978574,59.494384765625,44.81382269859313,104.30820746421813,False,SBAS像元相对高差的P95-P05；非先验填充
51703,27,24,10.674541473388672,48.97558403015137,47.608076858520505,-26.73752632141113,20.870550537109374,2.411334991455078,7.7944655418396,11.097968101501465,46.35361499786377,1.2544618606567326,55.22947692871094,47.608076858520505,102.83755378723144,True,SBAS像元相对高差的P95-P05；非先验填充
51817,209,209,6.00295877456665,28.135762214660645,20.122955894470216,-6.729353713989258,13.393602180480958,2.292821168899536,1.3721400499343872,5.874976634979248,20.406040287017824,-0.2830843925476074,0.008343575522303581,20.122955894470216,20.13129946999252,True,SBAS像元相对高差的P95-P05；非先验填充
55623,79,73,12.01995849609375,34.04239463806152,25.46184616088867,-10.469365787506103,14.992480373382568,2.582331418991089,2.346323013305664,12.44518756866455,30.348403644561767,-4.886557483673098,-4.472870826721191,25.46184616088867,20.988975334167478,True,SBAS像元相对高差的P95-P05；非先验填充
57555,120,120,-13.72839069366455,74.27748489379883,65.3260850906372,-31.17558364868164,34.15050144195556,2.703165054321289,1.6061112880706787,-10.079800128936768,68.5232190132141,-3.1971339225768958,5.280370712280273,65.3260850906372,70.60645580291748,True,SBAS像元相对高差的P95-P05；非先验填充
57581,8,8,4.426092714071274,48.500186920166016,45.22012782692909,-6.4480895578861235,38.772038269042966,3.3417868614196777,9.777507781982422,6.116180837154388,45.12580738067627,0.09432044625281577,-2.206995725631714,45.22012782692909,43.01313210129737,True,SBAS像元相对高差的P95-P05；非先验填充
57583,81,71,24.460582733154297,77.99094551801682,64.68965137004852,1.962814450263977,66.6524658203125,2.551936626434326,7.944634914398193,24.7723445892334,64.79062283039093,-0.10097146034240723,0.14865784347057343,64.68965137004852,64.8383092135191,True,SBAS像元相对高差的P95-P05；非先验填充
59096,6,4,21.325719833374023,10.376696586608887,8.003674268722534,16.75415587425232,24.757830142974854,4.820267200469971,17.4516544342041,19.64698600769043,7.937607765197754,0.06606650352478027,-1.1058788299560547,8.003674268722534,6.8977954387664795,False,SBAS像元相对高差的P95-P05；非先验填充
59097,6,5,-0.7029677629470825,20.76060116291046,15.818876986566465,-1.184462532401085,14.63441445416538,3.4853471517562866,2.9229254722595215,-0.6178674884140491,23.834191650152206,-8.015314663585741,-2.2480721473693848,15.818876986566465,13.57080483919708,True,SBAS像元相对高差的P95-P05；非先验填充
59229,10,8,-22.578824996948242,19.32599115371704,18.568889594078065,-23.87500104904175,-5.306111454963685,3.344925284385681,1.9454739093780518,-22.914193153381348,18.65524318218231,-0.0863535881042452,-1.2830133438110352,18.568889594078065,17.28587625026703,True,SBAS像元相对高差的P95-P05；非先验填充
59230,35,27,28.259479522705078,72.42203998565674,67.51322307586669,15.758365821838378,83.27158889770507,2.493332862854004,2.390646457672119,28.22231674194336,67.2447491645813,0.26847391128539755,-3.160098075866699,67.51322307586669,64.35312499999999,True,SBAS像元相对高差的P95-P05；非先验填充
59232,573,573,-13.613789558410645,71.67645645141602,55.0646484375,-30.04635009765625,25.01829833984375,2.6978976726531982,1.8949787616729736,-13.506244659423828,55.50213737487793,-0.43748893737793537,0.028666995465755463,55.0646484375,55.09331543296575,True,SBAS像元相对高差的P95-P05；非先验填充
59259,127,127,31.21999168395996,62.64835977554321,48.406156253814686,8.66027708053589,57.06643333435058,4.307648181915283,2.5574631690979004,31.130006790161133,48.30239353179931,0.10376272201537518,-4.20841646194458,48.406156253814686,44.197739791870106,True,SBAS像元相对高差的P95-P05；非先验填充
59260,50,49,-5.455955982208252,25.417484283447266,19.73212118148803,-13.596161413192748,6.135959768295281,3.2736806869506836,1.9816810488700867,-5.491236686706543,19.882631802558898,-0.1505106210708682,-5.77263069152832,19.73212118148803,13.959490489959709,True,SBAS像元相对高差的P95-P05；非先验填充
59431,82,82,42.763837814331055,72.6165771484375,58.522344034910226,1.729800969362259,60.252145004272485,2.8795437812805176,7.975425958633423,43.3376350402832,57.95411972403528,0.5682243108749461,1.084116816520691,58.522344034910226,59.60646085143092,True,SBAS像元相对高差的P95-P05；非先验填充
59444,55,44,44.3873348236084,75.26885569095612,69.29283144176006,0.36230542957782746,69.65513687133789,3.3535149097442627,6.491583824157715,41.393226623535156,65.93846798986196,3.354363451898095,1.2188584804534912,69.29283144176006,70.51168992221355,True,SBAS像元相对高差的P95-P05；非先验填充
59677,503,478,17.012739181518555,76.54428482055664,58.46286533474922,0.6658822238445282,59.128747558593744,2.861999273300171,3.1852216720581055,16.60206890106201,55.96686880588532,2.4959965288638983,-2.180771827697754,58.46286533474922,56.282093507051464,True,SBAS像元相对高差的P95-P05；非先验填充
61236,2,2,9.631776332855225,0.9576807022094727,0.861912631988524,9.200820016860963,10.062732648849487,0.24054253101348877,0.8516980707645416,9.65311336517334,0.8297389984130845,0.03217363357543945,-3.818075656890869,0.861912631988524,-2.956163024902345,False,SBAS像元相对高差的P95-P05；非先验填充
61237,10,8,-12.961790561676025,4.912997245788574,3.4507693290710435,-14.973200511932372,-11.522431182861329,2.1242271661758423,1.295215904712677,-12.862860202789307,3.3995121002197255,0.051257228851318004,-3.9186434745788574,3.4507693290710435,-0.4678741455078139,True,SBAS像元相对高差的P95-P05；非先验填充
61760,71,54,64.56449508666992,73.09621548652649,60.81634044647217,8.990738868713379,69.80707931518555,8.318558692932129,29.351173400878906,70.66454315185547,62.40798759460449,-1.5916471481323242,-7.043247699737549,60.81634044647217,53.77309274673462,False,SBAS像元相对高差的P95-P05；非先验填充
63246,7,7,6.835967063903809,30.307316780090332,27.042482328414913,-8.055168199539185,18.987314128875727,3.9917492866516113,11.762608528137207,11.862251281738281,32.9863823890686,-5.943900060653689,-3.782008647918701,27.042482328414913,23.26047368049621,False,SBAS像元相对高差的P95-P05；非先验填充
63247,11,11,11.162798881530762,32.72262281924486,31.709204886108637,0.7697913907468319,32.47899627685547,0.2223726361989975,0.8377143740653992,11.072955131530762,31.572637639939785,0.13656724616885185,-2.7583351135253906,31.709204886108637,28.950869772583246,True,SBAS像元相对高差的P95-P05；非先验填充
63248,17,15,0.9349890947341919,5.439951539039612,2.6580380082130417,-0.43895064592361444,2.2190873622894274,0.45835790038108826,1.3367267847061157,1.014668583869934,2.5833663344383226,0.07467167377471906,-3.440166711807251,2.6580380082130417,-0.7821287035942093,True,SBAS像元相对高差的P95-P05；非先验填充
63249,10,9,-1.788230538368225,3.532023072242737,2.6055845379829403,-3.78030743598938,-1.1747228980064395,2.4678014516830444,1.2497190833091736,-1.895485281944275,2.3775246679782867,0.22805987000465366,-3.3418593406677246,2.6055845379829403,-0.7362748026847843,True,SBAS像元相对高差的P95-P05；非先验填充
63250,11,10,-3.4467755556106567,5.783043801784515,3.9303697049617767,-4.813932657241821,-0.8835629522800446,1.9299293756484985,6.577367305755615,-3.3563802242279053,3.9470628798007965,-0.016693174839019775,-3.466714382171631,3.9303697049617767,0.4636553227901459,True,SBAS像元相对高差的P95-P05；非先验填充
63251,11,10,31.610105514526367,6.114299774169922,5.240103721618652,30.29394245147705,35.5340461730957,3.4634511470794678,11.496733665466309,30.34178352355957,5.573090553283691,-0.33298683166503906,-3.191692590713501,5.240103721618652,2.0484111309051514,False,SBAS像元相对高差的P95-P05；非先验填充
63299,11,11,-12.589152336120605,73.14216995239258,69.92492341995239,-15.651514530181885,54.27340888977051,4.055531978607178,3.7983319759368896,-13.549042701721191,69.359055519104,0.5658679008483887,-5.406085014343262,69.92492341995239,64.51883840560913,True,SBAS像元相对高差的P95-P05；非先验填充
63300,25,21,-5.514039039611816,64.96997928619385,59.098586082458475,-11.744156455993652,47.35442962646482,2.370462656021118,9.34201717376709,-5.043423175811768,55.37041549682616,3.728170585632313,-2.7850022315979004,59.098586082458475,56.313583850860574,True,SBAS像元相对高差的P95-P05；非先验填充
63348,49,45,6.768299102783203,42.54172229766846,28.061980795860283,-0.16527593135833737,27.896704864501945,0.3963300883769989,1.3123725652694702,6.687380790710449,29.903327387571327,-1.8413465917110443,-1.9680980443954468,28.061980795860283,26.093882751464836,True,SBAS像元相对高差的P95-P05；非先验填充
63385,166,161,41.88965606689453,94.55052185058594,56.52495765686035,24.39478874206543,80.91974639892578,3.8922983407974243,3.6074893474578857,57.780792236328125,53.94466781616211,2.580289840698242,-12.32797908782959,56.52495765686035,44.19697856903076,True,SBAS像元相对高差的P95-P05；非先验填充
63386,9,9,4.071535110473633,23.23535841703415,22.36701501607895,0.7199486374855042,23.086963653564453,3.92405104637146,5.787051677703857,8.951489448547363,20.59266600608826,1.77434900999069,-5.282473087310791,22.36701501607895,17.084541928768157,True,SBAS像元相对高差的P95-P05；非先验填充
65171,15,13,8.343573570251465,13.795944213867188,12.671774959564209,3.600220775604248,16.271995735168456,3.5308446884155273,10.643089294433594,7.482955455780029,10.437720918655392,2.2340540409088163,-1.6494282484054565,12.671774959564209,11.022346711158752,False,SBAS像元相对高差的P95-P05；非先验填充
65193,104,104,60.367774963378906,60.630088806152344,53.61110000610351,39.6096248626709,93.22072486877441,3.381470203399658,11.934206485748291,60.59206962585449,53.20045719146729,0.4106428146362262,-1.860460877418518,53.61110000610351,51.750639128684995,False,SBAS像元相对高差的P95-P05；非先验填充
65194,44,43,39.84556198120117,35.18049240112305,17.826399040222164,35.273240661621095,53.09963970184326,4.160058259963989,12.79347038269043,40.22877883911133,17.876893806457517,-0.050494766235352984,-1.0717875957489014,17.826399040222164,16.754611444473262,False,SBAS像元相对高差的P95-P05；非先验填充
65282,123,123,39.908172607421875,87.017569065094,73.3171963453293,0.13025925159454416,73.44745559692383,0.39839494228363037,1.3104350566864014,39.78590393066406,72.5797186255455,0.7374777197837972,-3.8342013359069824,73.3171963453293,69.48299500942231,True,SBAS像元相对高差的P95-P05；非先验填充
65283,103,103,26.551681518554688,69.24157792329788,57.95584480762481,3.2296398878097543,61.18548469543456,0.35100483894348145,1.203743577003479,26.364852905273438,57.337623119354234,0.6182216882705731,-4.838923454284668,57.95584480762481,53.11692135334014,True,SBAS像元相对高差的P95-P05；非先验填充
65284,56,56,13.619658470153809,46.68231165409088,41.94730484485626,-0.1296921968460083,41.817612648010254,0.27952246367931366,0.9315532743930817,13.617695808410645,41.62190642952919,0.32539841532707214,-3.293738603591919,41.94730484485626,38.65356624126434,True,SBAS像元相对高差的P95-P05；非先验填充
65285,95,95,26.20235824584961,60.174306869506836,50.73534405231475,-0.08700459003448424,50.64833946228027,0.301456093788147,1.003054141998291,26.24834442138672,50.32518087625503,0.41016317605971864,-3.9249281883239746,50.73534405231475,46.81041586399078,True,SBAS像元相对高差的P95-P05；非先验填充
65286,76,75,1.7450002431869507,25.421109199523926,13.611175179481506,-5.104386925697327,8.50678825378418,4.386263847351074,15.501557350158691,-1.0713319778442383,13.193704724311829,0.41747045516967773,-3.3893699645996094,13.611175179481506,10.221805214881897,False,SBAS像元相对高差的P95-P05；非先验填充
65288,12,10,53.72271537780762,43.88279342651367,42.35488352775573,14.728347826004029,57.083231353759764,4.6974475383758545,16.665717124938965,57.666250228881836,46.21580095291138,-3.860917425155648,-3.643275260925293,42.35488352775573,38.71160826683044,False,SBAS像元相对高差的P95-P05；非先验填充
65289,27,27,24.4265193939209,10.98373031616211,9.090847587585447,19.280702209472658,28.371549797058105,3.648247241973877,11.297860145568848,27.144089698791504,9.870418739318847,-0.7795711517333999,-4.5348358154296875,9.090847587585447,4.55601177215576,False,SBAS像元相对高差的P95-P05；非先验填充
65296,177,171,90.23189544677734,101.11941146850586,49.16780853271483,64.75838317871094,113.92619171142577,2.540829658508301,8.815638542175293,87.66742706298828,48.431433868408206,0.7363746643066236,-3.5588290691375732,49.16780853271483,45.608979463577256,True,SBAS像元相对高差的P95-P05；非先验填充
65297,308,308,52.574684143066406,96.4080011844635,59.822846984863276,28.260355758666993,88.08320274353026,3.0570098161697388,9.69423246383667,51.889822006225586,59.83662576675414,-0.013778781890863456,-2.4775731563568115,59.822846984863276,57.345273828506464,True,SBAS像元相对高差的P95-P05；非先验填充
65298,91,71,16.63423728942871,68.69064426422119,49.277949035167694,2.445843994617462,51.723793029785156,0.425225168466568,1.4184439182281494,16.38041400909424,48.06069082021713,1.2172582149505615,-0.9994495511054993,49.277949035167694,48.278499484062195,True,SBAS像元相对高差的P95-P05；非先验填充
65299,140,140,47.925466537475586,114.22923183441162,88.44276003837582,14.008168458938599,102.45092849731442,1.3010387420654297,2.114548444747925,48.08917999267578,94.03681454658508,-5.594054508209254,-0.09496196359395981,88.44276003837582,88.34779807478186,True,SBAS像元相对高差的P95-P05；非先验填充
65300,92,87,61.04972839355469,72.65403842926025,42.7982466697693,27.96547632217407,70.76372299194337,0.7037230730056763,2.3935176134109497,60.72782516479492,42.968159484863286,-0.16991281509398704,-1.161470890045166,42.7982466697693,41.63677577972413,True,SBAS像元相对高差的P95-P05；非先验填充
65301,27,27,21.62901496887207,51.16754710674286,48.17706964462995,1.143770046532154,49.32083969116211,0.33105435967445374,1.2293375730514526,21.458099365234375,48.01228514760733,0.1647844970226231,0.04527219012379646,48.17706964462995,48.22234183475375,True,SBAS像元相对高差的P95-P05；非先验填充
65304,206,184,33.37567329406738,72.11862564086914,56.835618019104004,25.228276252746582,82.06389427185059,2.792894124984741,10.180080890655518,33.49329948425293,55.78367328643799,1.0519447326660156,-1.0292861461639404,56.835618019104004,55.80633187294006,False,SBAS像元相对高差的P95-P05；非先验填充
65311,381,381,28.847814559936523,99.41824245452881,83.70921739935875,0.15896955132484436,83.8681869506836,0.8727694153785706,1.3672881126403809,28.714860916137695,83.05681471526623,0.6524026840925217,-3.337082624435425,83.70921739935875,80.37213477492332,True,SBAS像元相对高差的P95-P05；非先验填充
65312,245,245,17.116357803344727,72.98196649551392,62.74133586883544,-2.627961540222168,60.113374328613276,0.34443777799606323,1.1791975498199463,17.0133056640625,62.43567600250244,0.30565986633300213,-3.162865400314331,62.74133586883544,59.57847046852111,True,SBAS像元相对高差的P95-P05；非先验填充
65313,18,14,-5.8288044929504395,42.301846504211426,39.535283660888666,-11.937410354614258,27.597873306274412,1.7732535004615784,6.689351797103882,-5.432953596115112,40.643967342376705,-1.1086836814880385,-2.0411877632141113,39.535283660888666,37.494095897674555,True,SBAS像元相对高差的P95-P05；非先验填充
65314,170,170,19.744916915893555,73.73467922210693,55.30469713211058,-3.45893869400024,51.845758438110344,0.31247176229953766,1.1331157088279724,19.601689338684082,54.96887713074683,0.33582000136375,-1.9099920988082886,55.30469713211058,53.394705033302294,True,SBAS像元相对高差的P95-P05；非先验填充
65500,184,184,25.851635932922363,74.94720697402954,65.39770891666413,-3.126220726966858,62.271488189697266,2.839751720428467,7.1693549156188965,25.879182815551758,62.58980572223663,2.807903194427496,-3.2054343223571777,65.39770891666413,62.19227459430695,True,SBAS像元相对高差的P95-P05；非先验填充
65547,292,292,26.87342929840088,74.30377864837646,62.74949808120727,-4.204659366607666,58.54483871459961,0.6563800573348999,2.3132436275482178,26.58038902282715,62.20102820396423,0.5484698772430434,-3.5334768295288086,62.74949808120727,59.21602125167846,True,SBAS像元相对高差的P95-P05；非先验填充
65548,338,338,18.542530059814453,61.88427484035492,47.87937726974487,3.4807366371154784,51.36011390686035,2.553046941757202,5.6007585525512695,19.463129997253418,47.38662889003753,0.49274837970734353,-2.7843804359436035,47.87937726974487,45.09499683380127,True,SBAS像元相对高差的P95-P05；非先验填充
65692,14,13,2.320158004760742,9.865278244018555,6.79837763607502,-2.3383783370256426,4.459999299049377,3.597719669342041,2.699370265007019,2.2976443767547607,5.8063993662595745,0.9919782698154451,-0.5669170618057251,6.79837763607502,6.231460574269295,True,SBAS像元相对高差的P95-P05；非先验填充
65716,24,24,19.709721565246582,13.715625762939453,8.427865314483642,15.435457324981689,23.86332263946533,5.469769477844238,19.20291042327881,19.46251678466797,9.048618364334104,-0.6207530498504621,1.0256528854370117,8.427865314483642,9.453518199920653,False,SBAS像元相对高差的P95-P05；非先验填充
65717,4,4,4.441106557846069,8.290358304977417,7.869259750843047,1.281402337551117,9.150662088394164,3.8097556829452515,6.095381498336792,18.399784088134766,7.6545762538909905,0.21468349695205635,0.41241979598999023,7.869259750843047,8.281679546833036,False,SBAS像元相对高差的P95-P05；非先验填充
67458,57,55,29.949247360229492,58.796767234802246,48.92029247283936,-13.106520652770996,35.81377182006836,1.992205262184143,3.41695499420166,29.770771026611328,45.34069137573242,3.579601097106938,-2.5632786750793457,48.92029247283936,46.35701379776001,True,SBAS像元相对高差的P95-P05；非先验填充
67485,95,95,16.252443313598633,55.68414115905762,35.96003794670105,-8.354789304733275,27.605248641967773,0.25714385509490967,0.9054845571517944,16.844675064086914,37.16141638755798,-1.201378440856928,-1.6029503345489502,35.96003794670105,34.3570876121521,True,SBAS像元相对高差的P95-P05；非先验填充
67549,15,15,0.32904407382011414,3.2132188081741333,2.9974799752235413,-1.8880780696868897,1.1094019055366515,0.2016707956790924,0.6260562539100647,0.13478146493434906,2.92053861618042,0.07694135904312116,-0.6760909557342529,2.9974799752235413,2.3213890194892883,True,SBAS像元相对高差的P95-P05；非先验填充
67634,128,128,34.32276916503906,103.34469032287598,82.76452796459199,-7.71617248058319,75.0483554840088,0.5305465459823608,1.8204764127731323,34.15858840942383,82.72509043216706,0.03943753242492676,-3.594845771789551,82.76452796459199,79.16968219280244,True,SBAS像元相对高差的P95-P05；非先验填充
67635,93,93,34.0357666015625,90.36192119121552,60.186260414123495,11.611762046813967,71.79802246093746,0.45782381296157837,1.555420160293579,33.91249084472656,58.69476776123045,1.4914926528930437,-4.910317897796631,60.186260414123495,55.275942516326865,True,SBAS像元相对高差的P95-P05；非先验填充
67651,101,89,51.0522346496582,97.58779621124268,75.03883647918701,4.606938362121582,79.6457748413086,3.031569242477417,2.257554292678833,48.13816833496094,72.34558010101318,2.693256378173828,0.014614541083574295,75.03883647918701,75.05345102027059,True,SBAS像元相对高差的P95-P05；非先验填充
67652,165,165,11.405198097229004,116.42612314224243,75.6325015068054,-2.6863772392272947,72.9461242675781,1.9003267288208008,5.5064215660095215,10.23948860168457,73.65321059226987,1.9792909145355253,-2.579284906387329,75.6325015068054,73.05321660041807,True,SBAS像元相对高差的P95-P05；非先验填充
67653,157,149,9.107097625732422,61.737178802490234,31.360508310794824,0.9028049826622011,32.263313293457024,2.0393450260162354,4.393514633178711,9.403664588928223,34.31575663089752,-2.955248320102694,1.3847249746322632,31.360508310794824,32.74523328542709,True,SBAS像元相对高差的P95-P05；非先验填充
67654,115,115,38.842079162597656,92.38529300689697,78.26830258369445,-6.687292909622192,71.58100967407226,2.34946346282959,3.7566230297088623,38.027374267578125,77.87962274551391,0.3886798381805363,1.5406131744384766,78.26830258369445,79.80891575813293,True,SBAS像元相对高差的P95-P05；非先验填充
67655,165,165,52.22271728515625,98.96683639287949,74.36451349258421,6.358524227142334,80.72303771972655,3.1642961502075195,10.715597152709961,49.388954162597656,73.16345806121825,1.2010554313659583,-2.560185670852661,74.36451349258421,71.80432782173155,False,SBAS像元相对高差的P95-P05；非先验填充
67656,107,107,37.97332763671875,101.67429065704346,66.49429397583006,22.45247039794922,88.94676437377927,1.8432729244232178,6.816009998321533,35.905792236328125,66.6830575942993,-0.18876361846923828,-2.414789915084839,66.49429397583006,64.07950406074522,True,SBAS像元相对高差的P95-P05；非先验填充
67955,247,245,9.735939979553223,91.25791311264038,72.43132739067077,-3.2356952190399166,69.19563217163086,3.601119041442871,3.5911202430725098,10.093523502349854,72.17241718769074,0.258910202980033,0.4767104983329773,72.43132739067077,72.90803788900375,True,SBAS像元相对高差的P95-P05；非先验填充
67956,301,301,14.992898941040039,109.92654609680176,94.60999965667725,-11.360617637634277,83.24938201904297,1.7220158576965332,4.023764610290527,14.23086166381836,95.14990234375,-0.5399026870727539,1.1216238737106323,94.60999965667725,95.73162353038788,True,SBAS像元相对高差的P95-P05；非先验填充
67957,90,90,12.380260467529297,73.51235771179199,63.13818144798278,-3.0316993236541747,60.10648212432861,2.2579504251480103,2.5974191427230835,12.04416799545288,62.45322928428649,0.6849521636962876,-2.8246171474456787,63.13818144798278,60.3135643005371,True,SBAS像元相对高差的P95-P05；非先验填充
67958,134,116,14.373405933380127,87.63659602403641,74.11788915395736,2.450636160373688,76.56852531433105,2.8235634565353394,10.442704677581787,13.827609539031982,72.98519103527069,1.132698118686676,-1.117429494857788,74.11788915395736,73.00045965909958,False,SBAS像元相对高差的P95-P05；非先验填充
67960,144,124,0.6823725998401642,100.97515392303467,48.334062290191625,-5.959812450408935,42.37424983978269,2.494513511657715,1.5651521682739258,0.6652246713638306,49.01132943630217,-0.6772671461105446,0.1169966384768486,48.334062290191625,48.45105892866847,True,SBAS像元相对高差的P95-P05；非先验填充
68091,24,24,5.248276233673096,14.487240433692932,11.580017399787897,1.8188765287399293,13.398893928527826,3.87515127658844,13.912147045135498,3.743293046951294,13.686309145390982,-2.1062917456030856,-1.3646748065948486,11.580017399787897,10.215342593193048,False,SBAS像元相对高差的P95-P05；非先验填充
70031,299,299,17.633480072021484,65.96637058258057,41.72796828746795,-2.221411204338074,39.50655708312988,0.26380953192710876,0.8517823219299316,17.644193649291992,41.62612538337707,0.10184290409087993,3.27846097946167,41.72796828746795,45.00642926692962,True,SBAS像元相对高差的P95-P05；非先验填充
70032,148,148,9.204641342163086,45.758180141448975,40.79750690460205,-5.39735107421875,35.400155830383305,0.3911088854074478,1.2289369702339172,9.095141887664795,40.75012097358704,0.04738593101501465,1.8625805377960205,40.79750690460205,42.66008744239807,True,SBAS像元相对高差的P95-P05；非先验填充
70040,218,218,17.272294998168945,58.178359031677246,42.09224512577056,-2.2629141092300413,39.82933101654052,3.0931507349014282,9.169560432434082,18.321165084838867,40.79426841437816,1.2979767113924012,0.34077513217926025,42.09224512577056,42.43302025794982,True,SBAS像元相对高差的P95-P05；非先验填充
70203,234,220,2.9425928592681885,121.27497482299805,107.44904479980467,-23.937185287475586,83.51185951232908,0.9602150321006775,2.9202481508255005,2.4768043756484985,102.92494001388548,4.524104785919192,28.752355575561523,107.44904479980467,136.20140037536618,True,SBAS像元相对高差的P95-P05；非先验填充
70450,3,3,28.57652473449707,19.450359344482422,17.50532341003418,22.172602653503418,39.6779260635376,4.029121398925781,15.334985733032227,31.452333450317383,14.53542881011963,2.96989459991455,-3.0898947715759277,17.50532341003418,14.415428638458252,False,SBAS像元相对高差的P95-P05；非先验填充
70453,58,55,22.516080856323242,22.652761459350586,10.692298269271848,15.33999571800232,26.03229398727417,2.9733020067214966,2.054761052131653,22.576017379760742,10.594357061386107,0.09794120788574112,10.200630187988281,10.692298269271848,20.89292845726013,True,SBAS像元相对高差的P95-P05；非先验填充
70454,25,21,-0.8877485394477844,7.057668685913086,4.396417665481566,-3.7892627716064453,0.6071548938751209,0.2464151382446289,0.7487039566040039,-1.1086305379867554,4.505096918344496,-0.10867925286293012,8.057308197021484,4.396417665481566,12.45372586250305,True,SBAS像元相对高差的P95-P05；非先验填充
70455,91,82,-1.148223876953125,37.510663986206055,20.715269088745117,-9.318775177001953,11.396493911743164,3.0247011184692383,1.9975790977478027,-1.5947776436805725,36.762956619262695,-16.047687530517578,0.4030989110469818,20.715269088745117,21.1183679997921,False,SBAS像元相对高差的P95-P05；非先验填充
70477,10,10,10.904364109039307,21.03170943260193,17.518482649326323,4.518647611141205,22.037130260467528,2.715246558189392,2.6950085163116455,10.935800552368164,16.250488781929015,1.2679938673973083,-1.8562674522399902,17.518482649326323,15.662215197086333,True,SBAS像元相对高差的P95-P05；非先验填充
70478,8,8,21.01393413543701,5.884992599487305,5.645927715301514,17.310980224609374,22.956907939910888,4.797064542770386,17.662595748901367,21.04306125640869,5.785164928436281,-0.13923721313476634,-3.576462984085083,5.645927715301514,2.0694647312164314,False,SBAS像元相对高差的P95-P05；非先验填充
70479,10,10,0.33894914388656616,18.403236389160156,14.836086797714227,-8.391029763221741,6.445057034492486,2.1193768978118896,2.757263660430908,-0.16904669255018234,14.261059176921838,0.5750276207923886,-3.0133914947509766,14.836086797714227,11.82269530296325,True,SBAS像元相对高差的P95-P05；非先验填充
70601,2,2,-1.930215984582901,4.9665133357048035,4.469862002134323,-4.165146985650063,0.30471501648426036,4.894120454788208,16.84060001373291,0.18086767196655273,4.6582932472229,-0.18843124508857745,4.459629058837891,4.469862002134323,8.929491060972214,False,SBAS像元相对高差的P95-P05；非先验填充
70642,116,112,8.218977451324463,75.94754981994629,53.21646547317505,-10.320676326751709,42.89578914642334,3.419233798980713,11.544661045074463,0.7392576970160007,39.38750457763672,13.82896089553833,-2.6597743034362793,53.21646547317505,50.55669116973877,False,SBAS像元相对高差的P95-P05；非先验填充
74956,98,98,16.804051399230957,52.1336886882782,37.77775895595549,7.548514008522035,45.326272964477525,3.0924638509750366,7.946701288223267,18.38872241973877,37.7677502632141,0.010008692741394043,-2.3478851318359375,37.77775895595549,35.429873824119554,True,SBAS像元相对高差的P95-P05；非先验填充
74957,18,18,82.69414520263672,21.694908142089844,19.345365524291992,76.9428653717041,96.2882308959961,6.611888885498047,25.238314628601074,78.85087203979492,19.106814193725583,0.2385513305664091,-2.9252915382385254,19.345365524291992,16.420073986053467,False,SBAS像元相对高差的P95-P05；非先验填充
74958,24,23,4.385220050811768,22.131239414215088,7.941227307915687,0.7839561313390732,8.72518343925476,3.952197790145874,10.078967571258545,6.8394834995269775,18.446322572231285,-10.505095264315598,-0.8881837129592896,7.941227307915687,7.053043594956398,False,SBAS像元相对高差的P95-P05；非先验填充
74959,150,150,27.850773811340332,93.29359149932861,87.60165629684924,-0.6730292826890945,86.92862701416014,0.4943627119064331,1.6830837726593018,27.78061294555664,87.35179412215948,0.2498621746897669,-2.493831157684326,87.60165629684924,85.10782513916492,True,SBAS像元相对高差的P95-P05；非先验填充
74960,76,76,7.2511396408081055,54.184048891067505,46.052310943603516,2.980520248413086,49.0328311920166,2.693339705467224,4.553530931472778,7.658089876174927,47.02307063341141,-0.9707596898078918,-1.2872405052185059,46.052310943603516,44.76507043838501,True,SBAS像元相对高差的P95-P05；非先验填充
74975,118,118,10.528598308563232,48.27510613203049,44.27448154985904,0.4368460029363634,44.7113275527954,1.5572754740715027,1.8964647054672241,10.663952350616455,45.07775483429432,-0.8032732844352779,-2.963231086730957,44.27448154985904,41.31125046312808,True,SBAS像元相对高差的P95-P05；非先验填充
74976,90,90,17.960307121276855,38.85865378379822,36.850242209434505,4.653128838539124,41.50337104797363,2.481574535369873,6.948572397232056,20.380833625793457,37.05288662910461,-0.20264441967010782,-1.0921016931533813,36.850242209434505,35.758140516281124,True,SBAS像元相对高差的P95-P05；非先验填充
74977,104,104,16.061851501464844,42.07182598114014,33.29906249046326,-11.445029687881469,21.854032802581788,2.5142499208450317,7.594135046005249,16.18325138092041,33.26082572937011,0.03823676109314533,-1.6680667400360107,33.29906249046326,31.630995750427246,True,SBAS像元相对高差的P95-P05；非先验填充
74978,102,102,30.08211326599121,56.397732734680176,45.50782489776611,17.999304008483886,63.507128906249996,3.9562987089157104,14.279946327209473,31.431626319885254,46.35389022827149,-0.8460653305053754,-2.8846282958984375,45.50782489776611,42.623196601867676,False,SBAS像元相对高差的P95-P05；非先验填充
74979,58,57,38.9453010559082,11.503704071044922,6.520213890075688,36.67460899353027,43.19482288360596,4.244758367538452,11.40078067779541,36.611812591552734,10.157211208343504,-3.6369973182678166,-2.6999220848083496,6.520213890075688,3.8202918052673382,False,SBAS像元相对高差的P95-P05；非先验填充
75149,171,144,11.592382431030273,114.31229376792908,100.26468801498413,6.126039981842041,106.39072799682617,4.916707515716553,14.15845012664795,5.601643085479736,101.92975820787251,-1.665070192888379,-3.3041610717773438,100.26468801498413,96.96052694320679,False,SBAS像元相对高差的P95-P05；非先验填充
75150,186,159,32.96150207519531,123.39393043518066,108.81377506256104,27.88504695892334,136.69882202148438,5.104390621185303,17.722917556762695,36.033735275268555,107.61677646636963,1.1969985961914062,-1.1330690383911133,108.81377506256104,107.68070602416992,False,SBAS像元相对高差的P95-P05；非先验填充
75151,189,162,1.3436412811279297,109.62720966339111,97.22673778533937,-2.858979606628418,94.36775817871094,4.157314777374268,13.557315826416016,-1.518937349319458,97.20669422149659,0.02004356384277628,-2.0578534603118896,97.22673778533937,95.16888432502748,False,SBAS像元相对高差的P95-P05；非先验填充
75152,198,170,11.45821237564087,107.8569450378418,97.42113821506499,7.5539781332016,104.97511634826658,4.2677764892578125,12.319554328918457,8.871925830841064,96.11647274494169,1.3046654701232967,-4.755244255065918,97.42113821506499,92.66589395999907,False,SBAS像元相对高差的P95-P05；非先验填充
75153,212,183,32.46733093261719,107.62361145019531,90.49746685028074,26.790924644470216,117.28839149475097,5.063607454299927,15.58332633972168,30.881996154785156,91.9340874671936,-1.4366206169128617,-3.0372583866119385,90.49746685028074,87.4602084636688,False,SBAS像元相对高差的P95-P05；非先验填充
75157,333,333,14.578457832336426,60.40661811828613,45.28945369720459,-4.731673240661621,40.55778045654297,4.371434211730957,15.285123825073242,15.544355392456055,45.515930557250975,-0.22647686004638246,-3.2641091346740723,45.28945369720459,42.02534456253052,False,SBAS像元相对高差的P95-P05；非先验填充
75173,665,665,23.364646911621094,107.49996566772461,94.20894660949706,-30.09006690979004,64.11887969970702,3.26165509223938,10.931273460388184,23.815610885620117,93.05806655883788,1.1508800506591825,-0.8921284079551697,94.20894660949706,93.31681820154189,False,SBAS像元相对高差的P95-P05；非先验填充
75174,520,520,27.528040885925293,92.29081439971924,72.8721517562866,-3.761368370056152,69.11078338623045,3.530974507331848,12.65981912612915,30.305916786193848,71.72414223551749,1.148009520769108,0.20947043597698212,72.8721517562866,73.08162219226358,False,SBAS像元相对高差的P95-P05；非先验填充
75331,312,298,45.596330642700195,107.01618766784668,83.60419588088989,-6.334115314483642,77.27008056640625,3.1350784301757812,9.036953449249268,43.895193099975586,84.17917690277099,-0.5749810218811007,-0.6229491233825684,83.60419588088989,82.98124675750732,True,SBAS像元相对高差的P95-P05；非先验填充
75339,102,92,47.91470718383789,84.47607517242432,73.55015244483948,-5.370366525650024,68.17978591918946,3.157566547393799,11.099547386169434,47.36283302307129,73.34426109790802,0.20589134693146605,-2.408181667327881,73.55015244483948,71.1419707775116,False,SBAS像元相对高差的P95-P05；非先验填充
75340,64,64,18.836024284362793,60.16800880432129,56.12529420852661,-17.12871904373169,38.99657516479492,3.541894555091858,10.9156174659729,19.760040283203125,56.366913604736325,-0.24161939620971395,-3.9599618911743164,56.12529420852661,52.165332317352295,False,SBAS像元相对高差的P95-P05；非先验填充
75378,20,20,45.86212348937988,12.90426254272461,10.497368049621585,40.84597911834717,51.34334716796875,5.297496795654297,18.446420669555664,47.605159759521484,9.86520690917969,0.6321611404418945,-4.080791473388672,10.497368049621585,6.416576576232913,False,SBAS像元相对高差的P95-P05；非先验填充
77471,97,97,36.0611572265625,53.18807792663574,45.17778358459471,23.66474266052246,68.84252624511717,4.207558631896973,12.336775779724121,34.29049301147461,44.78229942321772,0.3954841613769844,-3.7015221118927,45.17778358459471,41.47626147270201,False,SBAS像元相对高差的P95-P05；非先验填充
77472,24,24,5.584817171096802,8.29266345500946,6.476948511600495,2.229218137264252,8.706166648864746,2.919764757156372,1.419046700000763,5.679107427597046,6.981554156541822,-0.5046056449413276,-1.15237295627594,6.476948511600495,5.324575555324555,True,SBAS像元相对高差的P95-P05；非先验填充
77640,24,23,35.668128967285156,6.386135101318359,4.1735734939575195,33.77212009429932,37.94569358825684,4.352870225906372,13.532748222351074,32.85726547241211,4.318945121765136,-0.14537162780761648,2.3890581130981445,4.1735734939575195,6.562631607055664,False,SBAS像元相对高差的P95-P05；非先验填充
77650,242,224,77.23708724975586,116.5758860707283,106.89950726032257,2.6874274015426636,109.58693466186523,1.739999771118164,3.4838517904281616,76.57329940795898,106.34596847295761,0.5535387873649569,-2.166067600250244,106.89950726032257,104.73343966007232,True,SBAS像元相对高差的P95-P05；非先验填充
78268,61,54,39.477895736694336,54.92236006259918,34.1351957321167,15.321099281311035,49.456295013427734,3.224813938140869,11.5001802444458,36.961097717285156,34.74873638153076,-0.6135406494140625,33.6189079284668,34.1351957321167,67.7541036605835,False,SBAS像元相对高差的P95-P05；非先验填充
79578,11,11,-5.641618728637695,35.8132438659668,32.87170743942261,-8.858441829681396,24.01326560974121,3.896914005279541,6.754812240600586,-5.026646137237549,32.75356483459473,0.11814260482788086,4.633425712585449,32.87170743942261,37.50513315200806,True,SBAS像元相对高差的P95-P05；非先验填充
79980,253,253,41.86838912963867,103.81166458129883,89.53632354736328,-14.179924011230469,75.35639953613281,3.1952178478240967,4.394730567932129,39.64919662475586,91.15482368469236,-1.6185001373290788,-1.09730863571167,89.53632354736328,88.43901491165161,True,SBAS像元相对高差的P95-P05；非先验填充
80019,1494,1487,162.22216796875,263.8620641231537,163.25104255676268,75.99365348815918,239.24469604492188,4.239950180053711,11.798519611358643,158.89435577392578,159.45866851806642,3.7923740386962663,-3.2074928283691406,163.25104255676268,160.04354972839354,False,SBAS像元相对高差的P95-P05；非先验填充
80252,332,318,-0.7503055334091187,55.50288772583008,18.95783250331878,-6.661864256858825,12.295968246459955,1.303743064403534,1.3330950736999512,-0.8725023567676544,19.317853617668145,-0.36002111434936523,-2.282832145690918,18.95783250331878,16.675000357627862,True,SBAS像元相对高差的P95-P05；非先验填充
80596,126,124,-1.8999284505844116,37.41462993621826,26.528444290161133,-8.478328704833984,18.05011558532715,3.513404607772827,9.170763969421387,-1.9650874733924866,24.767749190330505,1.7606950998306274,-1.386340618133545,26.528444290161133,25.142103672027588,True,SBAS像元相对高差的P95-P05；非先验填充
84813,363,363,46.62147521972656,151.82712292671204,135.70474064350128,3.4970949888229383,139.20183563232422,0.4474117159843445,1.4873408079147339,46.44199752807617,133.59533467292783,2.109405970573448,-1.0671772956848145,135.70474064350128,134.63756334781647,True,SBAS像元相对高差的P95-P05；非先验填充
85055,66,64,17.273064613342285,15.39360761642456,9.282084226608276,11.785533666610718,21.067617893218994,2.6484254598617554,3.306815981864929,18.028547286987305,9.352570056915283,-0.07048583030700684,1.6770128011703491,9.282084226608276,10.959097027778625,True,SBAS像元相对高差的P95-P05；非先验填充
85468,6,6,30.157700538635254,27.446765899658203,24.74548578262329,25.403442859649658,50.14892864227295,4.203163385391235,15.11393928527832,29.760079383850098,26.14858102798462,-1.4030952453613281,3.28873872756958,24.74548578262329,28.03422451019287,False,SBAS像元相对高差的P95-P05；非先验填充
85469,26,26,-28.92222309112549,33.15062344074249,32.270220175385475,-31.701623916625977,0.5685962587594986,2.4901643991470337,1.8066526055335999,-28.875577926635742,31.980055883526802,0.2901642918586731,14.545188903808594,32.270220175385475,46.81540907919407,True,SBAS像元相对高差的P95-P05；非先验填充
85477,75,75,13.917573928833008,22.764349460601807,20.690551614761354,4.626978826522827,25.31753044128418,3.2291452884674072,2.392775774002075,13.895570755004883,20.797344779968263,-0.10679316520690918,-5.289553642272949,20.690551614761354,15.400997972488405,True,SBAS像元相对高差的P95-P05；非先验填充
85492,37,37,13.033307075500488,17.786759853363037,12.42792644500732,5.594586372375488,18.022512817382808,4.490443229675293,15.716072082519531,11.24963665008545,13.177608871459956,-0.7496824264526367,-4.709372520446777,12.42792644500732,7.718553924560542,False,SBAS像元相对高差的P95-P05；非先验填充
87050,168,168,8.867011547088623,62.85814666748047,49.88098106384277,-7.3421142578125,42.53886680603027,3.583179473876953,2.529061436653137,8.419657707214355,49.19104874134064,0.6899323225021305,-1.270753026008606,49.88098106384277,48.61022803783416,True,SBAS像元相对高差的P95-P05；非先验填充
87051,103,103,26.17466926574707,58.54777908325195,47.45502624511718,16.303616333007813,63.758642578125,4.275646686553955,14.969696998596191,26.976360321044922,48.03909664154052,-0.5840703964233356,-2.3198342323303223,47.45502624511718,45.13519201278686,False,SBAS像元相对高差的P95-P05；非先验填充
87529,47,47,36.20084762573242,28.515533447265625,23.18736515045165,20.739510917663576,43.92687606811523,4.151603698730469,15.224778175354004,35.437137603759766,21.97061004638671,1.2167551040649407,-5.526278018951416,23.18736515045165,17.661087131500235,False,SBAS像元相对高差的P95-P05；非先验填充
88679,2,2,-0.5208345679566264,0.9887731019407511,0.8898957917466759,-0.9657824638299644,-0.07588667208328848,4.545282602310181,16.144254684448242,-1.6942771673202515,0.5915530443191528,0.2983427474275231,-6.804103374481201,0.8898957917466759,-5.914207582734525,False,SBAS像元相对高差的P95-P05；非先验填充
88691,14,14,4.299580931663513,9.256186425685883,9.113348159193993,-0.8573707669973374,8.255977392196655,3.9492427110671997,5.402196645736694,5.3156914710998535,8.66421772390604,0.4491304352879535,-4.547855377197266,9.113348159193993,4.565492781996728,True,SBAS像元相对高差的P95-P05；非先验填充
88693,27,26,53.86857795715332,15.576026916503906,11.693854141235349,47.59186553955078,59.28571968078613,3.838350296020508,13.998690605163574,53.524349212646484,11.396177291870117,0.29767684936523153,-0.28578972816467285,11.693854141235349,11.408064413070676,False,SBAS像元相对高差的P95-P05；非先验填充
90501,2,2,31.85472869873047,0.5268783569335938,0.47419052124023153,31.617633438110353,32.091823959350585,5.704137563705444,17.598386764526367,31.083898544311523,3.2051273345947244,-2.730936813354493,-4.742392063140869,0.47419052124023153,-4.268201541900638,False,SBAS像元相对高差的P95-P05；非先验填充
90522,30,27,26.206178665161133,43.17297683469951,19.01283581256866,13.442125773429874,32.45496158599853,5.750547885894775,19.673636436462402,23.7611083984375,20.705316707491868,-1.6924808949232073,-4.688763618469238,19.01283581256866,14.324072194099422,False,SBAS像元相对高差的P95-P05；非先验填充
90894,82,81,33.681339263916016,41.47829270362854,32.55352051258087,5.927032923698425,38.480553436279294,2.8672393560409546,3.9706426858901978,33.28501892089844,33.04926068782807,-0.4957401752471995,11.949736595153809,32.55352051258087,44.503257107734676,True,SBAS像元相对高差的P95-P05；非先验填充
90896,100,81,14.269181251525879,40.13492012023926,33.38493475914001,-14.465544939041138,18.919389820098875,2.3942487239837646,1.7199230790138245,14.299779891967773,33.17099113464356,0.21394362449645143,13.177816390991211,33.38493475914001,46.56275115013122,True,SBAS像元相对高差的P95-P05；非先验填充
90904,199,164,1.7532709240913391,45.54653453826904,31.067027997970577,-6.063990926742553,25.003037071228025,4.403624057769775,12.293128967285156,-0.8480066061019897,33.103471517562866,-2.0364435195922894,-2.804757833480835,31.067027997970577,28.262270164489742,False,SBAS像元相对高差的P95-P05；非先验填充
90921,13,13,5.694674968719482,16.302330493927002,12.836076432466506,-1.6077725231647486,11.228303909301756,2.15431809425354,4.59385871887207,6.040380001068115,12.73307659626007,0.10299983620643616,15.689745903015137,12.836076432466506,28.525822335481642,True,SBAS像元相对高差的P95-P05；非先验填充
90922,6,6,14.279123306274414,5.4216508865356445,4.702552795410156,11.439892292022705,16.14244508743286,2.5205167531967163,8.16019606590271,13.097768783569336,4.7995922565460205,-0.09703946113586426,19.923107147216797,4.702552795410156,24.625659942626953,True,SBAS像元相对高差的P95-P05；非先验填充
90947,8,8,-3.1754205226898193,8.572784662246704,7.688777227699756,-7.02623348236084,0.6625437453389162,3.1248799562454224,7.376555442810059,-4.228633403778076,7.972689434885979,-0.2839122071862228,20.56338882446289,7.688777227699756,28.252166052162647,True,SBAS像元相对高差的P95-P05；非先验填充
92926,300,270,23.212013244628906,111.8534803390503,66.1712870284915,0.6925191238522532,66.86380615234376,3.1666823625564575,11.087356090545654,24.76500701904297,66.01818491220475,0.1531021162867603,-1.3925447463989258,66.1712870284915,64.77874228209258,False,SBAS像元相对高差的P95-P05；非先验填充
92933,199,180,14.531216144561768,49.99593099951744,34.67650322914123,4.018005895614625,38.69450912475586,4.7023444175720215,12.386727333068848,15.02077579498291,33.8310462474823,0.8454569816589341,-2.3201534748077393,34.67650322914123,32.35634975433349,False,SBAS像元相对高差的P95-P05；非先验填充
92970,39,39,17.83570098876953,24.399977684020996,16.49241647720337,10.018573474884034,26.510989952087403,2.556933879852295,9.801156044006348,18.457231521606445,16.842026233673096,-0.34960975646972514,4.519904136657715,16.49241647720337,21.012320613861085,True,SBAS像元相对高差的P95-P05；非先验填充
94855,1145,1145,75.91091918945312,152.5528712272644,123.73750143051146,6.778685092926025,130.51618652343748,2.0182595252990723,4.133326053619385,75.60066986083984,123.450089263916,0.287412166595459,-0.3454217314720154,123.73750143051146,123.39207969903944,True,SBAS像元相对高差的P95-P05；非先验填充
94911,4,3,22.5526065826416,6.158742904663086,5.251412963867185,18.227940177917482,23.479353141784667,4.420279026031494,16.037363052368164,25.638198852539062,5.919827079772947,-0.6684141159057617,9.119709968566895,5.251412963867185,14.37112293243408,False,SBAS像元相对高差的P95-P05；非先验填充
97340,711,711,40.2747917175293,120.53223609924316,104.1958122253418,-19.93454360961914,84.26126861572266,3.9120326042175293,7.846926689147949,39.98918914794922,104.91228485107422,-0.7164726257324219,-2.9140820503234863,104.1958122253418,101.28173017501831,True,SBAS像元相对高差的P95-P05；非先验填充
97660,24,24,17.91387701034546,106.42597579956055,86.17497630119324,-7.404008054733276,78.77096824645996,4.063738822937012,11.144895553588867,21.915904998779297,81.89952893257141,4.275447368621826,15.841617584228516,86.17497630119324,102.01659388542176,False,SBAS像元相对高差的P95-P05；非先验填充
99751,4,3,8.717879295349121,18.090599536895752,15.474421143531796,7.929730248451233,23.404151391983028,2.7741851806640625,8.47082781791687,8.595890045166016,15.973996615409844,-0.49957547187804785,-1.714514136314392,15.474421143531796,13.759907007217404,False,SBAS像元相对高差的P95-P05；非先验填充
102049,30,30,11.55582332611084,33.86047953367233,27.20155109167099,2.384056532382965,29.585607624053953,3.6399548053741455,12.786797046661377,10.730652809143066,27.19870448708534,0.002846604585649004,-0.2142474204301834,27.20155109167099,26.987303671240806,False,SBAS像元相对高差的P95-P05；非先验填充
106421,5,5,-12.937400817871094,4.315395355224609,3.9110992431640614,-14.758238983154296,-10.847139739990235,4.2766900062561035,16.36159896850586,-9.798482894897461,4.139952850341796,-0.22885360717773473,-3.09791898727417,3.9110992431640614,0.8131802558898915,False,SBAS像元相对高差的P95-P05；非先验填充
106449,57,57,5.215367317199707,34.303568840026855,30.245555877685547,-11.859260940551758,18.386294937133787,3.2224574089050293,2.3017446994781494,5.142303466796875,29.941648101806642,0.30390777587890483,9.819111824035645,30.245555877685547,40.06466770172119,True,SBAS像元相对高差的P95-P05；非先验填充
106450,158,148,4.246920108795166,77.15051937103271,68.53159828186037,-11.156980514526367,57.374617767333994,3.9724048376083374,2.8501299619674683,4.470988750457764,68.50228791236879,0.029310369491582833,0.2346411645412445,68.53159828186037,68.76623944640161,True,SBAS像元相对高差的P95-P05；非先验填充
108184,284,267,-19.04793357849121,96.67529296875,48.724428987503046,-35.1341064453125,13.590322542190545,1.9152250289916992,3.2115663290023804,-18.19051742553711,48.24825525283812,0.4761737346649255,7.071898460388184,48.724428987503046,55.79632744789123,True,SBAS像元相对高差的P95-P05；非先验填充
108190,842,721,3.302408456802368,132.63879203796387,88.45730652809138,-10.747601556777953,77.70970497131343,4.989193439483643,7.5190417766571045,1.1161873936653137,85.58641934394835,2.8708871841430295,1.7171745300292969,88.45730652809138,90.17448105812068,True,SBAS像元相对高差的P95-P05；非先验填充
110081,7,7,2.732455015182495,7.487094163894653,6.956169360876082,-1.3624932706356048,5.593676090240478,3.239570379257202,2.0219829082489014,3.1282596588134766,6.750633570551871,0.20553579032421077,2.942783832550049,6.956169360876082,9.89895319342613,True,SBAS像元相对高差的P95-P05；非先验填充
110082,41,41,6.0178022384643555,18.6665078997612,10.713948249816895,2.3777456283569336,13.091693878173828,2.511669635772705,3.5412991046905518,6.172493934631348,10.334659337997437,0.379288911819458,-1.5643730163574219,10.713948249816895,9.149575233459473,True,SBAS像元相对高差的P95-P05；非先验填充
110115,60,59,14.03935432434082,64.43956351280212,48.47814567685128,-1.4477661907672883,47.03037948608399,1.0764904022216797,1.5087335109710693,14.077518463134766,47.70300519764423,0.775140479207046,-3.3809196949005127,48.47814567685128,45.097225981950764,True,SBAS像元相对高差的P95-P05；非先验填充
110116,69,63,25.064672470092773,61.17358684539795,41.17443542480468,13.94537582397461,55.119811248779286,2.599653720855713,5.041382312774658,24.95041275024414,42.63519744873046,-1.4607620239257812,-4.3787689208984375,41.17443542480468,36.79566650390624,True,SBAS像元相对高差的P95-P05；非先验填充
110117,82,82,21.387561798095703,60.85947346687317,40.28201905786992,0.8485648959875106,41.130583953857425,0.4625518321990967,1.4214332699775696,21.349475860595703,40.41957140266896,-0.13755234479904033,-3.6180343627929688,40.28201905786992,36.66398469507695,True,SBAS像元相对高差的P95-P05；非先验填充
110145,82,82,10.112725734710693,56.13080406188965,43.74824805259705,-10.741805028915405,33.00644302368165,3.1349477767944336,5.740513324737549,11.551881790161133,40.30980267524721,3.4384453773498365,-4.796298980712891,43.74824805259705,38.95194907188416,True,SBAS像元相对高差的P95-P05；非先验填充
110146,32,32,12.921567440032959,18.90646266937256,15.832708263397217,6.094445610046387,21.927153873443604,3.4270282983779907,11.19693660736084,14.342039108276367,14.925324058532716,0.9073842048645009,-3.254758358001709,15.832708263397217,12.577949905395508,False,SBAS像元相对高差的P95-P05；非先验填充
110147,97,80,18.480499267578125,83.40656185150146,56.36631002426147,0.6635842323303228,57.029894256591795,3.108729362487793,10.81638240814209,20.73509407043457,58.08189520835875,-1.7155851840972787,-1.6666415929794312,56.36631002426147,54.69966843128204,False,SBAS像元相对高差的P95-P05；非先验填充
111783,16,16,-15.294035911560059,25.50811278820038,22.10676871240139,-22.782165050506592,-0.6753963381052017,3.834238886833191,14.467157363891602,-19.404658317565918,20.791303873062134,1.3154648393392563,-2.0232386589050293,22.10676871240139,20.08353005349636,False,SBAS像元相对高差的P95-P05；非先验填充
111784,17,15,3.457947254180908,20.978057980537415,17.407807564735407,0.9498119115829468,18.357619476318355,3.7352402210235596,1.661107063293457,3.6704647541046143,17.535281682014464,-0.127474117279057,-3.679367780685425,17.407807564735407,13.728439784049982,True,SBAS像元相对高差的P95-P05；非先验填充
111785,10,8,2.1971355676651,21.152118682861328,16.700829529762263,-7.162175250053406,9.538654279708856,3.500395894050598,4.768812656402588,2.6997995376586914,24.112552416324604,-7.411722886562341,-2.4749350547790527,16.700829529762263,14.22589447498321,True,SBAS像元相对高差的P95-P05；非先验填充
111794,40,40,-3.1523187160491943,33.40977668762207,29.304017210006712,-13.901026487350464,15.40299072265625,3.6866971254348755,2.8570168018341064,-2.2602556347846985,29.133064460754394,0.17095274925231863,-0.8037130236625671,29.304017210006712,28.500304186344145,True,SBAS像元相对高差的P95-P05；非先验填充
111837,40,40,4.4608399868011475,24.227418899536133,22.371293902397156,-6.628570532798767,15.742723369598389,0.8257462084293365,1.5337491035461426,4.54503870010376,22.361322593688964,0.009971308708191629,-3.254223108291626,22.371293902397156,19.11707079410553,True,SBAS像元相对高差的P95-P05；非先验填充
111838,25,25,10.10851764678955,15.107752203941345,14.53500382900238,1.7201568841934205,16.2551607131958,1.3555437326431274,2.8076634407043457,10.127583503723145,14.729435586929322,-0.19443175792694234,-2.806718349456787,14.53500382900238,11.728285479545592,True,SBAS像元相对高差的P95-P05；非先验填充
111839,18,18,8.424943685531616,12.412227869033813,11.00134493112564,3.499170529842377,14.500515460968018,3.644704818725586,11.684287071228027,6.413769721984863,11.115866723656652,-0.11452179253101136,-1.6753628253936768,11.00134493112564,9.325982105731963,False,SBAS像元相对高差的P95-P05；非先验填充
111846,48,48,19.006711959838867,74.60767459869385,54.19906899333,-2.0064696967601776,52.192599296569824,5.4377806186676025,19.943781852722168,18.076973915100098,54.204565346241,-0.005496352910995483,-2.5900826454162598,54.19906899333,51.60898634791374,False,SBAS像元相对高差的P95-P05；非先验填充
111847,56,56,38.91523742675781,92.71987867355347,83.99216967821121,3.6782023310661316,87.67037200927734,3.5044158697128296,2.5324864387512207,38.4943962097168,89.24553841352463,-5.2533687353134155,-2.1235859394073486,83.99216967821121,81.86858373880386,True,SBAS像元相对高差的P95-P05；非先验填充
111848,45,45,7.6408538818359375,63.02749824523926,56.36796951293945,-18.53206558227539,37.83590393066406,4.42596960067749,15.502283096313477,2.996145486831665,54.461037063598624,1.9069324493408288,-1.8423881530761719,56.36796951293945,54.52558135986328,False,SBAS像元相对高差的P95-P05；非先验填充
111849,11,11,56.682701110839844,35.203792572021484,32.44233512878418,48.93610954284668,81.37844467163086,4.918923854827881,19.665727615356445,53.696773529052734,30.236539840698242,2.2057952880859375,-0.520471453666687,32.44233512878418,31.921863675117493,False,SBAS像元相对高差的P95-P05；非先验填充
111850,18,18,5.156626462936401,49.65989625453949,35.91921445280311,-0.5101139202713966,35.40910053253172,0.9533552825450897,2.109101414680481,4.969788551330566,35.912360137701015,0.006854315102096109,-1.5725855827331543,35.91921445280311,34.34662887006996,True,SBAS像元相对高差的P95-P05；非先验填充
111851,106,106,14.438350677490234,52.316169023513794,45.44226186256856,-0.020820784382522106,45.421441078186035,2.55781626701355,2.3070342540740967,14.79353952407837,45.11919269524515,0.3230691673234105,-3.4945297241210938,45.44226186256856,41.94773213844746,True,SBAS像元相对高差的P95-P05；非先验填充
113434,4,4,-4.067442178726196,11.441626604646444,9.97624289970845,-10.496376776695252,-0.5201338769868027,2.6101090908050537,3.497812867164612,-4.760849714279175,10.155688980221747,-0.1794460805132978,-2.5455822944641113,9.97624289970845,7.430660605244338,False,SBAS像元相对高差的P95-P05；非先验填充
113446,25,25,3.48115873336792,9.618148803710938,6.806879866123197,-0.28579059839248655,6.52108926773071,0.7529764175415039,1.8573530912399292,3.234156847000122,7.065764993429181,-0.2588851273059847,-1.4986038208007812,6.806879866123197,5.308276045322415,True,SBAS像元相对高差的P95-P05；非先验填充
113447,63,63,1.2034155130386353,18.610785007476807,13.887546610832214,-2.2608708143234253,11.626675796508788,1.604838252067566,1.1954433917999268,1.1141406297683716,13.48192331790924,0.4056232929229733,-4.64838171005249,13.887546610832214,9.239164900779723,True,SBAS像元相对高差的P95-P05；非先验填充
113448,26,26,8.807612895965576,14.326304912567139,12.731597244739532,-1.290349543094635,11.441247701644897,1.8660604357719421,2.0779800415039062,9.0464448928833,12.5691559612751,0.16244128346443176,-5.432018756866455,12.731597244739532,7.299578487873077,True,SBAS像元相对高差的P95-P05；非先验填充
113449,10,10,8.982402801513672,14.87453579902649,13.249859544634818,-0.6565994471311569,12.593260097503661,4.495855808258057,1.7420690059661865,8.990346908569336,13.718553313612937,-0.46869376897811854,-2.4601802825927734,13.249859544634818,10.789679262042045,True,SBAS像元相对高差的P95-P05；非先验填充
115239,71,59,23.792766571044922,46.66424369812012,32.642157167196274,0.3051246702671051,32.94728183746338,1.6728613376617432,1.5192346572875977,23.66428279876709,34.865725725889206,-2.223568558692932,-1.5198326110839844,32.642157167196274,31.12232455611229,True,SBAS像元相对高差的P95-P05；非先验填充
115240,8,8,-11.249924778938293,49.3042631149292,45.04099831581116,-37.40132875442505,7.639669561386107,4.36606764793396,9.222408056259155,-12.020644545555115,42.77244479656219,2.268553519248968,-3.432684898376465,45.04099831581116,41.608313417434694,True,SBAS像元相对高差的P95-P05；非先验填充
115241,859,859,32.407684326171875,108.14465618133545,88.83630118370057,-2.254205846786499,86.58209533691407,0.3770706057548523,1.1910995244979858,32.5058479309082,88.88939983844756,-0.05309865474698938,-3.006159543991089,88.83630118370057,85.83014163970948,True,SBAS像元相对高差的P95-P05；非先验填充
115253,16,16,-6.337083339691162,54.91055870056152,49.06080102920532,-27.802494049072266,21.258306980133057,2.739250421524048,8.717974424362183,-5.778789758682251,49.034432888031006,0.026368141174316406,-1.0282710790634155,49.06080102920532,48.03252995014191,True,SBAS像元相对高差的P95-P05；非先验填充
115254,4,3,-21.981090545654297,9.642839431762695,8.351848316192626,-28.488305854797364,-20.136457538604738,3.3013432025909424,2.828097701072693,-22.50089931488037,8.137048149108885,0.21480016708374094,-2.941244125366211,8.351848316192626,5.410604190826415,False,SBAS像元相对高差的P95-P05；非先验填充
115255,442,442,23.415821075439453,102.35707426071167,93.9839439868927,-2.973529100418091,91.0104148864746,0.28458595275878906,0.8033062517642975,23.337841987609863,94.1603573679924,-0.1764133810997066,-3.9648847579956055,93.9839439868927,90.01905922889709,True,SBAS像元相对高差的P95-P05；非先验填充
116828,391,391,32.642784118652344,85.84116077423096,71.25647926330566,-4.478487014770508,66.77799224853516,1.703791618347168,4.347379684448242,33.046390533447266,71.75381124019623,-0.49733197689056396,-0.22154317796230316,71.25647926330566,71.03493608534336,True,SBAS像元相对高差的P95-P05；非先验填充
116837,923,923,58.553592681884766,91.63166618347168,61.57150478363037,25.936305427551268,87.50781021118163,2.27004075050354,7.866028785705566,59.321311950683594,61.09148731231689,0.4800174713134737,0.6791737675666809,61.57150478363037,62.25067855119705,True,SBAS像元相对高差的P95-P05；非先验填充
118168,11,11,21.894691467285156,12.581060409545898,11.738828659057617,17.442057609558105,29.180886268615723,4.0091118812561035,13.36215877532959,23.48387908935547,8.45814037322998,3.2806882858276367,-2.4679577350616455,11.738828659057617,9.270870923995972,False,SBAS像元相对高差的P95-P05；非先验填充
118169,9,7,15.738405227661133,7.10806941986084,5.914603996276856,10.80467700958252,16.719281005859376,2.021395683288574,1.510393500328064,15.95496940612793,7.056921768188477,-1.142317771911621,-3.0681631565093994,5.914603996276856,2.8464408397674568,True,SBAS像元相对高差的P95-P05；非先验填充
118170,13,13,1.1428767442703247,25.620197296142578,22.078431701660154,-15.514741516113281,6.563690185546872,3.796092987060547,11.652585983276367,-0.5894765853881836,19.87855176925659,2.199879932403565,-3.6867103576660156,22.078431701660154,18.39172134399414,False,SBAS像元相对高差的P95-P05；非先验填充
