building_uid,Floor,recommended_building_height_m,paper_text_median_m,original_code_range_m,quality_pass,floor_nominal_3m_audit_only,recommended_minus_nominal_m
19357,31,36.52419357299804,45.663909912109375,59.027082443237305,True,93.0,-56.47580642700196
38755,40,27.927993595600128,5.167840480804443,32.630122035741806,True,120.0,-92.07200640439987
38756,40,16.37051101326942,-10.207096099853516,25.510000705718994,True,120.0,-103.62948898673058
38757,40,13.561497592926017,11.995258331298828,19.93318247795105,False,120.0,-106.43850240707398
38758,40,8.899888479709622,-0.4177497923374176,16.683341026306152,True,120.0,-111.10011152029038
38759,40,11.95790160205215,5.40430474281311,18.325635612010956,True,120.0,-108.04209839794785
38760,40,14.977333426475525,5.624614715576172,23.4250066280365,True,120.0,-105.02266657352448
51702,34,44.81382269859313,2.18564510345459,112.49191284179688,False,102.0,-57.18617730140687
51703,34,47.608076858520505,10.674541473388672,48.97558403015137,True,102.0,-54.391923141479495
51817,31,20.122955894470216,6.00295877456665,28.135762214660645,True,93.0,-72.87704410552979
55623,43,25.46184616088867,12.01995849609375,34.04239463806152,True,129.0,-103.53815383911133
57555,44,65.3260850906372,-13.72839069366455,74.27748489379883,True,132.0,-66.6739149093628
57581,37,45.22012782692909,4.426092714071274,48.500186920166016,True,111.0,-65.77987217307091
57583,41,64.68965137004852,24.460582733154297,77.99094551801682,True,123.0,-58.31034862995148
59096,32,8.003674268722534,21.325719833374023,10.376696586608887,False,96.0,-87.99632573127747
59097,32,15.818876986566465,-0.7029677629470825,20.76060116291046,True,96.0,-80.18112301343353
59229,31,18.568889594078065,-22.578824996948242,19.32599115371704,True,93.0,-74.43111040592194
59230,33,67.51322307586669,28.259479522705078,72.42203998565674,True,99.0,-31.48677692413331
59232,36,55.0646484375,-13.613789558410645,71.67645645141602,True,108.0,-52.9353515625
59259,33,48.406156253814686,31.21999168395996,62.64835977554321,True,99.0,-50.593843746185314
59260,33,19.73212118148803,-5.455955982208252,25.417484283447266,True,99.0,-79.26787881851197
59431,41,58.522344034910226,42.763837814331055,72.6165771484375,True,123.0,-64.47765596508978
59444,41,69.29283144176006,44.3873348236084,75.26885569095612,True,123.0,-53.70716855823994
59677,35,58.46286533474922,17.012739181518555,76.54428482055664,True,105.0,-46.53713466525078
61236,32,0.861912631988524,9.631776332855225,0.9576807022094727,False,96.0,-95.13808736801147
61237,34,3.4507693290710435,-12.961790561676025,4.912997245788574,True,102.0,-98.54923067092895
61760,114,60.81634044647217,64.56449508666992,73.09621548652649,False,342.0,-281.18365955352783
63246,32,27.042482328414913,6.835967063903809,30.307316780090332,False,96.0,-68.9575176715851
63247,32,31.709204886108637,11.162798881530762,32.72262281924486,True,96.0,-64.29079511389136
63248,34,2.6580380082130417,0.9349890947341919,5.439951539039612,True,102.0,-99.34196199178696
63249,34,2.6055845379829403,-1.788230538368225,3.532023072242737,True,102.0,-99.39441546201707
63250,34,3.9303697049617767,-3.4467755556106567,5.783043801784515,True,102.0,-98.06963029503822
63251,34,5.240103721618652,31.610105514526367,6.114299774169922,False,102.0,-96.75989627838135
63299,36,69.92492341995239,-12.589152336120605,73.14216995239258,True,108.0,-38.07507658004761
63300,36,59.098586082458475,-5.514039039611816,64.96997928619385,True,108.0,-48.901413917541525
63348,32,28.061980795860283,6.768299102783203,42.54172229766846,True,96.0,-67.93801920413972
63385,31,56.52495765686035,41.88965606689453,94.55052185058594,True,93.0,-36.47504234313965
63386,32,22.36701501607895,4.071535110473633,23.23535841703415,True,96.0,-73.63298498392105
65171,32,12.671774959564209,8.343573570251465,13.795944213867188,False,96.0,-83.3282250404358
65193,32,53.61110000610351,60.367774963378906,60.630088806152344,False,96.0,-42.38889999389649
65194,32,17.826399040222164,39.84556198120117,35.18049240112305,False,96.0,-78.17360095977784
65282,34,73.3171963453293,39.908172607421875,87.017569065094,True,102.0,-28.682803654670707
65283,34,57.95584480762481,26.551681518554688,69.24157792329788,True,102.0,-44.04415519237519
65284,34,41.94730484485626,13.619658470153809,46.68231165409088,True,102.0,-60.05269515514374
65285,34,50.73534405231475,26.20235824584961,60.174306869506836,True,102.0,-51.26465594768525
65286,34,13.611175179481506,1.7450002431869507,25.421109199523926,False,102.0,-88.3888248205185
65288,34,42.35488352775573,53.72271537780762,43.88279342651367,False,102.0,-59.64511647224427
65289,34,9.090847587585447,24.4265193939209,10.98373031616211,False,102.0,-92.90915241241456
65296,33,49.16780853271483,90.23189544677734,101.11941146850586,True,99.0,-49.83219146728517
65297,33,59.822846984863276,52.574684143066406,96.4080011844635,True,99.0,-39.177153015136724
65298,34,49.277949035167694,16.63423728942871,68.69064426422119,True,102.0,-52.722050964832306
65299,34,88.44276003837582,47.925466537475586,114.22923183441162,True,102.0,-13.557239961624177
65300,34,42.7982466697693,61.04972839355469,72.65403842926025,True,102.0,-59.2017533302307
65301,34,48.17706964462995,21.62901496887207,51.16754710674286,True,102.0,-53.82293035537005
65304,40,56.835618019104004,33.37567329406738,72.11862564086914,False,120.0,-63.164381980895996
65311,36,83.70921739935875,28.847814559936523,99.41824245452881,True,108.0,-24.29078260064125
65312,36,62.74133586883544,17.116357803344727,72.98196649551392,True,108.0,-45.25866413116456
65313,36,39.535283660888666,-5.8288044929504395,42.301846504211426,True,108.0,-68.46471633911133
65314,44,55.30469713211058,19.744916915893555,73.73467922210693,True,132.0,-76.69530286788941
65500,32,65.39770891666413,25.851635932922363,74.94720697402954,True,96.0,-30.60229108333587
65547,32,62.74949808120727,26.87342929840088,74.30377864837646,True,96.0,-33.25050191879273
65548,32,47.87937726974487,18.542530059814453,61.88427484035492,True,96.0,-48.12062273025513
65692,34,6.79837763607502,2.320158004760742,9.865278244018555,True,102.0,-95.20162236392498
65716,34,8.427865314483642,19.709721565246582,13.715625762939453,False,102.0,-93.57213468551636
65717,34,7.869259750843047,4.441106557846069,8.290358304977417,False,102.0,-94.13074024915696
67458,33,48.92029247283936,29.949247360229492,58.796767234802246,True,99.0,-50.07970752716064
67485,31,35.96003794670105,16.252443313598633,55.68414115905762,True,93.0,-57.03996205329895
67549,32,2.9974799752235413,0.32904407382011414,3.2132188081741333,True,96.0,-93.00252002477646
67634,34,82.76452796459199,34.32276916503906,103.34469032287598,True,102.0,-19.23547203540801
67635,34,60.186260414123495,34.0357666015625,90.36192119121552,True,102.0,-41.813739585876505
67651,34,75.03883647918701,51.0522346496582,97.58779621124268,True,102.0,-26.96116352081299
67652,38,75.6325015068054,11.405198097229004,116.42612314224243,True,114.0,-38.3674984931946
67653,38,31.360508310794824,9.107097625732422,61.737178802490234,True,114.0,-82.63949168920517
67654,38,78.26830258369445,38.842079162597656,92.38529300689697,True,114.0,-35.73169741630555
67655,38,74.36451349258421,52.22271728515625,98.96683639287949,False,114.0,-39.63548650741579
67656,38,66.49429397583006,37.97332763671875,101.67429065704346,True,114.0,-47.50570602416994
67955,39,72.43132739067077,9.735939979553223,91.25791311264038,True,117.0,-44.56867260932923
67956,39,94.60999965667725,14.992898941040039,109.92654609680176,True,117.0,-22.390000343322754
67957,39,63.13818144798278,12.380260467529297,73.51235771179199,True,117.0,-53.86181855201722
67958,39,74.11788915395736,14.373405933380127,87.63659602403641,False,117.0,-42.882110846042636
67960,48,48.334062290191625,0.6823725998401642,100.97515392303467,True,144.0,-95.66593770980838
68091,34,11.580017399787897,5.248276233673096,14.487240433692932,False,102.0,-90.41998260021211
70031,31,41.72796828746795,17.633480072021484,65.96637058258057,True,93.0,-51.27203171253205
70032,31,40.79750690460205,9.204641342163086,45.758180141448975,True,93.0,-52.20249309539795
70040,31,42.09224512577056,17.272294998168945,58.178359031677246,True,93.0,-50.90775487422944
70203,34,107.44904479980467,2.9425928592681885,121.27497482299805,True,102.0,5.449044799804668
70450,32,17.50532341003418,28.57652473449707,19.450359344482422,False,96.0,-78.49467658996582
70453,40,10.692298269271848,22.516080856323242,22.652761459350586,True,120.0,-109.30770173072816
70454,40,4.396417665481566,-0.8877485394477844,7.057668685913086,True,120.0,-115.60358233451844
70455,48,20.715269088745117,-1.148223876953125,37.510663986206055,False,144.0,-123.28473091125488
70477,32,17.518482649326323,10.904364109039307,21.03170943260193,True,96.0,-78.48151735067367
70478,32,5.645927715301514,21.01393413543701,5.884992599487305,False,96.0,-90.35407228469849
70479,32,14.836086797714227,0.33894914388656616,18.403236389160156,True,96.0,-81.16391320228577
70601,31,4.469862002134323,-1.930215984582901,4.9665133357048035,False,93.0,-88.53013799786568
70642,31,53.21646547317505,8.218977451324463,75.94754981994629,False,93.0,-39.78353452682495
74956,32,37.77775895595549,16.804051399230957,52.1336886882782,True,96.0,-58.22224104404451
74957,32,19.345365524291992,82.69414520263672,21.694908142089844,False,96.0,-76.65463447570801
74958,32,7.941227307915687,4.385220050811768,22.131239414215088,False,96.0,-88.05877269208432
74959,32,87.60165629684924,27.850773811340332,93.29359149932861,True,96.0,-8.398343703150758
74960,32,46.052310943603516,7.2511396408081055,54.184048891067505,True,96.0,-49.947689056396484
74975,32,44.27448154985904,10.528598308563232,48.27510613203049,True,96.0,-51.72551845014096
74976,32,36.850242209434505,17.960307121276855,38.85865378379822,True,96.0,-59.149757790565495
74977,32,33.29906249046326,16.061851501464844,42.07182598114014,True,96.0,-62.70093750953674
74978,32,45.50782489776611,30.08211326599121,56.397732734680176,False,96.0,-50.49217510223389
74979,32,6.520213890075688,38.9453010559082,11.503704071044922,False,96.0,-89.4797861099243
75149,83,100.26468801498413,11.592382431030273,114.31229376792908,False,249.0,-148.73531198501587
75150,83,108.81377506256104,32.96150207519531,123.39393043518066,False,249.0,-140.18622493743896
75151,83,97.22673778533937,1.3436412811279297,109.62720966339111,False,249.0,-151.77326221466063
75152,83,97.42113821506499,11.45821237564087,107.8569450378418,False,249.0,-151.57886178493501
75153,88,90.49746685028074,32.46733093261719,107.62361145019531,False,264.0,-173.50253314971926
75157,41,45.28945369720459,14.578457832336426,60.40661811828613,False,123.0,-77.71054630279541
75173,41,94.20894660949706,23.364646911621094,107.49996566772461,False,123.0,-28.791053390502938
75174,41,72.8721517562866,27.528040885925293,92.29081439971924,False,123.0,-50.1278482437134
75331,89,83.60419588088989,45.596330642700195,107.01618766784668,True,267.0,-183.3958041191101
75339,39,73.55015244483948,47.91470718383789,84.47607517242432,False,117.0,-43.44984755516052
75340,39,56.12529420852661,18.836024284362793,60.16800880432129,False,117.0,-60.87470579147339
75378,39,10.497368049621585,45.86212348937988,12.90426254272461,False,117.0,-106.50263195037842
77471,32,45.17778358459471,36.0611572265625,53.18807792663574,False,96.0,-50.82221641540529
77472,32,6.476948511600495,5.584817171096802,8.29266345500946,True,96.0,-89.5230514883995
77640,40,4.1735734939575195,35.668128967285156,6.386135101318359,False,120.0,-115.82642650604248
77650,32,106.89950726032257,77.23708724975586,116.5758860707283,True,96.0,10.899507260322565
78268,36,34.1351957321167,39.477895736694336,54.92236006259918,False,108.0,-73.8648042678833
79578,31,32.87170743942261,-5.641618728637695,35.8132438659668,True,93.0,-60.12829256057739
79980,50,89.53632354736328,41.86838912963867,103.81166458129883,True,150.0,-60.46367645263672
80019,89,163.25104255676268,162.22216796875,263.8620641231537,False,267.0,-103.74895744323732
80252,38,18.95783250331878,-0.7503055334091187,55.50288772583008,True,114.0,-95.04216749668122
80596,39,26.528444290161133,-1.8999284505844116,37.41462993621826,True,117.0,-90.47155570983887
84813,35,135.70474064350128,46.62147521972656,151.82712292671204,True,105.0,30.70474064350128
85055,33,9.282084226608276,17.273064613342285,15.39360761642456,True,99.0,-89.71791577339172
85468,31,24.74548578262329,30.157700538635254,27.446765899658203,False,93.0,-68.25451421737671
85469,31,32.270220175385475,-28.92222309112549,33.15062344074249,True,93.0,-60.729779824614525
85477,34,20.690551614761354,13.917573928833008,22.764349460601807,True,102.0,-81.30944838523865
85492,36,12.42792644500732,13.033307075500488,17.786759853363037,False,108.0,-95.57207355499268
87050,31,49.88098106384277,8.867011547088623,62.85814666748047,True,93.0,-43.11901893615723
87051,31,47.45502624511718,26.17466926574707,58.54777908325195,False,93.0,-45.54497375488282
87529,34,23.18736515045165,36.20084762573242,28.515533447265625,False,102.0,-78.81263484954835
88679,34,0.8898957917466759,-0.5208345679566264,0.9887731019407511,False,102.0,-101.11010420825332
88691,33,9.113348159193993,4.299580931663513,9.256186425685883,True,99.0,-89.88665184080601
88693,35,11.693854141235349,53.86857795715332,15.576026916503906,False,105.0,-93.30614585876465
90501,34,0.47419052124023153,31.85472869873047,0.5268783569335938,False,102.0,-101.52580947875977
90522,34,19.01283581256866,26.206178665161133,43.17297683469951,False,102.0,-82.98716418743135
90894,37,32.55352051258087,33.681339263916016,41.47829270362854,True,111.0,-78.44647948741914
90896,47,33.38493475914001,14.269181251525879,40.13492012023926,True,141.0,-107.61506524085999
90904,51,31.067027997970577,1.7532709240913391,45.54653453826904,False,153.0,-121.93297200202943
90921,31,12.836076432466506,5.694674968719482,16.302330493927002,True,93.0,-80.16392356753349
90922,32,4.702552795410156,14.279123306274414,5.4216508865356445,True,96.0,-91.29744720458984
90947,32,7.688777227699756,-3.1754205226898193,8.572784662246704,True,96.0,-88.31122277230024
92926,48,66.1712870284915,23.212013244628906,111.8534803390503,False,144.0,-77.8287129715085
92933,51,34.67650322914123,14.531216144561768,49.99593099951744,False,153.0,-118.32349677085877
92970,49,16.49241647720337,17.83570098876953,24.399977684020996,True,147.0,-130.50758352279664
94855,50,123.73750143051146,75.91091918945312,152.5528712272644,True,150.0,-26.262498569488542
94911,35,5.251412963867185,22.5526065826416,6.158742904663086,False,105.0,-99.74858703613282
97340,50,104.1958122253418,40.2747917175293,120.53223609924316,True,150.0,-45.8041877746582
97660,35,86.17497630119324,17.91387701034546,106.42597579956055,False,105.0,-18.82502369880676
99751,32,15.474421143531796,8.717879295349121,18.090599536895752,False,96.0,-80.5255788564682
102049,32,27.20155109167099,11.55582332611084,33.86047953367233,False,96.0,-68.79844890832901
106421,37,3.9110992431640614,-12.937400817871094,4.315395355224609,False,111.0,-107.08890075683594
106449,37,30.245555877685547,5.215367317199707,34.303568840026855,True,111.0,-80.75444412231445
106450,37,68.53159828186037,4.246920108795166,77.15051937103271,True,111.0,-42.46840171813963
108184,37,48.724428987503046,-19.04793357849121,96.67529296875,True,111.0,-62.275571012496954
108190,51,88.45730652809138,3.302408456802368,132.63879203796387,True,153.0,-64.54269347190862
110081,32,6.956169360876082,2.732455015182495,7.487094163894653,True,96.0,-89.04383063912391
110082,32,10.713948249816895,6.0178022384643555,18.6665078997612,True,96.0,-85.2860517501831
110115,32,48.47814567685128,14.03935432434082,64.43956351280212,True,96.0,-47.52185432314872
110116,32,41.17443542480468,25.064672470092773,61.17358684539795,True,96.0,-54.82556457519532
110117,32,40.28201905786992,21.387561798095703,60.85947346687317,True,96.0,-55.71798094213008
110145,32,43.74824805259705,10.112725734710693,56.13080406188965,True,96.0,-52.25175194740295
110146,32,15.832708263397217,12.921567440032959,18.90646266937256,False,96.0,-80.16729173660278
110147,32,56.36631002426147,18.480499267578125,83.40656185150146,False,96.0,-39.63368997573853
111783,32,22.10676871240139,-15.294035911560059,25.50811278820038,False,96.0,-73.89323128759861
111784,32,17.407807564735407,3.457947254180908,20.978057980537415,True,96.0,-78.5921924352646
111785,32,16.700829529762263,2.1971355676651,21.152118682861328,True,96.0,-79.29917047023774
111794,32,29.304017210006712,-3.1523187160491943,33.40977668762207,True,96.0,-66.69598278999328
111837,32,22.371293902397156,4.4608399868011475,24.227418899536133,True,96.0,-73.62870609760284
111838,32,14.53500382900238,10.10851764678955,15.107752203941345,True,96.0,-81.46499617099762
111839,32,11.00134493112564,8.424943685531616,12.412227869033813,False,96.0,-84.99865506887436
111846,32,54.19906899333,19.006711959838867,74.60767459869385,False,96.0,-41.80093100667
111847,32,83.99216967821121,38.91523742675781,92.71987867355347,True,96.0,-12.007830321788788
111848,32,56.36796951293945,7.6408538818359375,63.02749824523926,False,96.0,-39.63203048706055
111849,32,32.44233512878418,56.682701110839844,35.203792572021484,False,96.0,-63.55766487121582
111850,32,35.91921445280311,5.156626462936401,49.65989625453949,True,96.0,-60.08078554719689
111851,32,45.44226186256856,14.438350677490234,52.316169023513794,True,96.0,-50.55773813743144
113434,35,9.97624289970845,-4.067442178726196,11.441626604646444,False,105.0,-95.02375710029155
113446,32,6.806879866123197,3.48115873336792,9.618148803710938,True,96.0,-89.1931201338768
113447,32,13.887546610832214,1.2034155130386353,18.610785007476807,True,96.0,-82.11245338916778
113448,32,12.731597244739532,8.807612895965576,14.326304912567139,True,96.0,-83.26840275526047
113449,35,13.249859544634818,8.982402801513672,14.87453579902649,True,105.0,-91.75014045536518
115239,35,32.642157167196274,23.792766571044922,46.66424369812012,True,105.0,-72.35784283280373
115240,35,45.04099831581116,-11.249924778938293,49.3042631149292,True,105.0,-59.95900168418884
115241,35,88.83630118370057,32.407684326171875,108.14465618133545,True,105.0,-16.16369881629943
115253,35,49.06080102920532,-6.337083339691162,54.91055870056152,True,105.0,-55.93919897079468
115254,35,8.351848316192626,-21.981090545654297,9.642839431762695,False,105.0,-96.64815168380737
115255,35,93.9839439868927,23.415821075439453,102.35707426071167,True,105.0,-11.016056013107303
116828,33,71.25647926330566,32.642784118652344,85.84116077423096,True,99.0,-27.743520736694336
116837,33,61.57150478363037,58.553592681884766,91.63166618347168,True,99.0,-37.42849521636963
118168,35,11.738828659057617,21.894691467285156,12.581060409545898,False,105.0,-93.26117134094238
118169,35,5.914603996276856,15.738405227661133,7.10806941986084,True,105.0,-99.08539600372315
118170,35,22.078431701660154,1.1428767442703247,25.620197296142578,False,105.0,-82.92156829833985
