island_id,component_id,dbscan_label,primary_uid,uid_count,pixel_count,row_min,row_max,col_min,col_max,source_old_island,source_old_island_uid_count,source_old_islands
1,1,0,29,1,41,627,629,786,809,0,0,
2,1,0,38,1,178,622,629,700,738,586,1,586;587;588;589
3,1,0,39,1,39,627,629,737,759,589,2,589
4,1,0,45,1,154,623,629,830,859,581,2,581
5,1,0,66,1,129,623,628,535,559,591,1,591
6,1,0,74,1,36,626,629,589,597,0,0,
7,1,0,81,1,37,623,627,436,445,0,0,
8,1,0,82,1,228,616,625,459,497,579,1,579
9,1,0,83,1,184,605,615,438,471,570,1,570
10,1,0,86,1,226,607,616,558,600,571,2,571
11,1,0,87,1,101,615,620,605,630,0,0,
12,1,0,88,1,81,624,629,673,688,592,2,592
13,1,0,89,1,84,619,624,641,661,583,1,583
14,1,0,90,1,126,603,609,612,636,569,1,569
15,1,0,91,1,238,607,616,645,684,572,1,572
16,1,0,92,1,204,578,587,588,618,531,1,531
17,1,0,93,1,37,623,625,565,588,584,2,584
18,1,0,94,1,93,620,623,566,589,584,2,584
19,1,0,95,1,189,613,619,535,561,577,1,577
20,1,0,96,1,212,599,608,475,509,566,1,566
21,1,0,97,1,112,606,609,531,558,571,2,571
22,1,0,98,1,178,597,602,521,550,565,1,565
23,1,0,99,1,255,596,604,555,600,562,1,562
24,1,0,100,1,366,572,579,518,573,522,1,522
25,1,0,101,1,51,598,604,408,423,0,0,
26,1,0,102,1,145,587,597,416,445,547,1,547
27,1,0,103,1,197,580,591,403,441,539,2,539
28,1,0,104,1,152,584,592,445,475,544,1,544
29,1,0,105,1,70,570,576,415,428,500,2,499;500
30,1,0,106,1,80,573,579,450,466,523,1,523
31,1,0,107,1,228,560,570,468,497,507,1,507
32,1,0,108,1,165,610,616,701,740,575,1,573;574;575;576
33,1,0,109,1,202,615,623,737,776,576,2,576
34,1,0,110,1,168,589,597,710,738,549,1,549
35,1,0,111,1,253,594,603,738,783,550,1,550
36,1,0,112,1,155,579,586,707,735,533,1,533
37,1,0,113,1,265,585,594,739,784,545,1,545
38,1,0,114,1,169,569,576,710,738,520,1,520
39,1,0,115,1,132,575,582,754,781,529,1,529
40,1,0,116,1,138,600,607,842,869,567,1,567
41,1,0,117,1,110,600,608,874,890,560,1,559;560
42,1,0,118,1,137,593,600,840,866,561,1,561
43,1,0,119,1,119,593,600,878,899,559,2,559
44,1,0,120,1,134,579,585,847,874,524,2,524
45,1,0,121,1,102,583,589,880,899,540,1,540
46,1,0,122,1,240,618,626,788,833,581,2,581
47,1,0,123,1,253,589,598,789,834,551,1,551
48,1,0,124,1,263,578,587,795,841,532,1,532
49,1,0,125,1,162,567,574,810,843,518,1,517;518
50,1,0,126,1,93,561,573,757,770,509,2,509
51,1,0,127,1,162,558,565,713,741,505,1,505
52,1,0,128,1,128,563,569,763,790,510,1,509;510;511
53,1,0,129,1,187,548,556,718,749,488,1,488
54,1,0,130,1,137,552,559,760,786,492,1,492
55,1,0,131,1,172,538,545,722,753,479,1,479
56,1,0,132,1,137,542,548,762,789,483,1,483
57,1,0,133,1,112,523,534,706,718,466,1,466
58,1,0,134,1,347,526,535,730,791,471,1,471
59,1,0,135,1,346,516,525,730,792,460,1,460
60,1,0,136,1,133,573,579,843,870,524,2,524
61,1,0,137,1,84,572,579,884,899,525,1,525
62,1,0,138,1,304,550,563,852,899,491,1,491
63,1,0,139,1,268,538,547,842,890,480,1,480
64,1,0,140,1,268,529,538,850,897,472,1,472
65,1,0,141,1,153,557,564,812,845,502,1,501;502
66,1,0,142,1,37,556,559,805,815,501,2,501
67,1,0,143,1,225,546,555,792,832,485,1,485
68,1,0,144,1,219,530,539,798,837,473,1,473
69,1,0,145,1,237,521,529,798,838,463,1,463
70,1,0,146,1,249,510,519,797,841,453,1,453
71,1,0,148,1,278,518,528,850,897,461,1,461
72,1,0,149,1,268,509,518,852,899,450,1,450
73,1,0,150,1,167,499,507,869,893,442,1,442
74,1,0,153,1,203,485,492,860,899,422,1,422;423
75,1,0,157,1,256,500,509,799,843,443,1,443
76,1,0,158,1,271,490,500,800,846,431,1,431
77,1,0,159,1,276,479,489,803,848,416,1,416
78,1,0,160,1,490,458,473,808,857,391,1,391
79,1,0,161,1,347,504,515,736,793,445,1,445
80,1,0,162,1,245,476,504,717,736,412,1,412
81,1,0,163,1,281,494,504,738,784,435,1,435
82,1,0,164,1,276,485,494,749,795,421,1,421
83,1,0,165,1,259,474,483,751,798,411,1,411
84,1,0,166,1,91,450,460,737,748,383,1,383
85,1,0,167,1,174,451,464,760,775,385,1,385
86,1,0,168,1,153,436,444,716,748,364,1,364;365
87,1,0,169,1,225,431,448,771,803,350,2,350;351;352;354
88,2,0,169,1,70,434,444,809,822,352,3,352;353
89,4,0,169,1,46,447,452,820,828,352,3,352
90,1,0,170,1,547,453,474,863,895,386,1,386
91,1,0,171,1,96,445,454,806,821,352,3,352
92,1,0,172,1,85,438,451,802,811,352,3,352
93,1,0,173,1,351,406,430,813,866,328,1,328;329;330;331
94,1,0,174,1,117,414,421,869,891,335,1,335
95,1,0,175,1,55,401,408,869,876,317,1,317
96,1,0,176,1,88,403,408,881,899,320,1,320
97,1,0,177,1,139,389,396,865,893,307,1,307
98,1,0,178,1,221,575,591,650,681,528,1,528
99,1,0,180,1,230,567,580,627,651,516,2,516
100,1,0,181,1,221,559,568,592,624,506,1,506
101,1,0,182,1,130,557,565,643,662,478,3,478
102,1,0,183,1,226,547,556,602,635,484,1,484
103,1,0,184,1,602,537,573,657,707,478,3,478
104,1,0,185,1,671,541,560,646,695,478,3,478
105,1,0,186,1,517,555,571,407,456,499,2,499;500
106,1,0,187,1,635,524,547,418,457,467,1,467
107,1,0,188,1,282,510,521,395,435,452,1,452
108,1,0,189,1,555,496,518,453,492,427,1,427
109,1,0,190,1,258,488,501,424,453,426,1,426
110,1,0,191,1,186,498,508,500,533,440,1,439;440
111,1,0,192,1,63,488,493,461,471,428,1,428
112,1,0,193,1,153,493,495,480,530,0,0,
113,1,0,194,1,326,484,492,478,519,413,4,413
114,1,0,195,1,113,558,575,509,521,504,1,504
115,1,0,196,1,55,532,543,594,604,475,2,475
116,1,0,197,1,100,487,492,534,550,425,1,425
117,1,0,198,1,80,489,500,614,627,398,6,398
118,1,0,199,1,432,477,485,550,597,409,1,408;409
119,1,0,200,1,92,480,486,600,615,418,1,418
120,1,0,201,1,39,466,474,627,637,398,6,398
121,2,0,201,1,48,476,484,623,631,398,6,398
122,1,0,202,1,20,473,477,619,622,0,0,
123,1,0,203,1,211,534,543,600,632,475,2,475
124,1,0,204,1,238,531,540,659,698,474,1,474
125,1,0,205,1,232,513,524,626,658,454,1,454
126,1,0,206,1,238,522,531,664,703,465,1,465
127,1,0,207,1,284,496,509,618,659,398,6,398
128,1,0,208,1,264,503,517,681,705,444,1,444
129,1,0,209,1,282,484,496,621,661,398,6,398
130,1,0,210,1,211,479,488,419,452,415,1,415
131,1,0,211,1,22,480,483,484,489,413,4,413
132,1,0,212,1,58,478,484,514,524,413,4,413
133,1,0,213,1,172,470,476,419,448,407,1,407
134,1,0,214,1,168,478,484,490,517,413,4,413
135,1,0,215,1,415,448,477,442,466,381,1,381
136,1,0,216,1,127,459,467,481,507,392,1,392;393
137,1,0,217,1,239,474,488,662,687,398,6,398
138,1,0,218,1,282,471,483,627,668,398,6,398
139,1,0,219,1,208,467,478,695,719,406,1,406
140,1,0,220,1,84,462,469,668,683,394,1,394
141,1,0,221,1,162,457,467,633,657,390,1,390
142,1,0,222,1,87,452,456,663,689,382,2,382
143,1,0,223,1,364,448,463,506,542,369,3,369
144,1,0,224,1,378,440,457,472,520,369,3,369;370
145,1,0,225,1,124,444,451,477,500,370,2,369;370
146,1,0,226,1,436,427,443,447,523,347,3,347
147,1,0,227,1,26,424,431,452,457,318,4,318
148,1,0,228,1,69,424,429,498,516,347,3,347
149,1,0,229,1,442,413,430,454,505,318,4,318
150,1,0,230,1,65,420,426,515,530,347,3,346;347
151,1,0,231,1,124,470,476,595,616,408,2,408
152,1,0,232,1,240,458,465,595,627,388,1,388
153,1,0,233,1,143,442,454,594,604,373,1,373
154,1,0,234,1,560,431,451,554,590,360,1,360
155,1,0,235,1,557,407,426,539,576,327,1,327
156,1,0,236,1,300,378,390,544,583,294,3,294
157,1,0,238,1,92,375,383,588,602,290,2,290
158,1,0,239,1,138,450,459,689,708,382,2,382
159,1,0,240,1,42,440,448,688,693,371,1,371
160,1,0,241,1,47,442,449,700,712,374,1,374
161,1,0,242,1,131,431,439,686,713,361,1,361;362
162,1,0,243,1,159,417,426,682,719,338,1,338;339;340;341;342
163,1,0,244,1,210,404,415,678,724,326,2,322;323;324;325;326
164,1,0,245,1,143,382,390,693,730,0,0,
165,1,0,246,1,37,376,381,726,734,283,2,283
166,1,0,247,1,67,371,375,653,670,0,0,
167,1,0,248,1,283,368,376,679,736,283,2,283
168,1,0,249,1,349,402,416,461,507,319,1,319
169,1,0,250,1,372,392,405,449,498,309,1,309
170,1,0,251,1,122,394,404,505,521,311,1,311
171,1,0,252,1,241,373,387,464,490,288,2,288
172,3,0,252,1,58,381,389,450,458,288,2,288
173,1,0,253,1,116,384,393,531,547,294,3,294
174,1,0,255,1,31,370,379,527,536,282,2,282
175,1,0,256,1,79,366,376,528,538,282,2,282
176,1,0,257,1,190,362,372,443,496,277,1,277
177,1,0,260,1,125,442,448,870,899,375,1,375;376
178,1,0,262,1,102,429,435,874,899,0,0,
179,1,0,265,1,144,429,450,764,775,350,2,350
180,1,0,266,1,153,423,432,718,751,343,1,343
181,1,0,267,1,152,411,419,724,755,326,2,326
182,1,0,268,1,148,398,407,728,760,312,1,312;313;314;315
183,1,0,269,1,147,387,395,742,773,306,1,305;306
184,1,0,270,1,136,386,392,828,858,303,1,302;303;304
185,1,0,271,1,133,381,388,786,814,297,1,297;298;299
186,1,0,272,1,160,373,382,742,774,287,1,287
187,1,0,273,1,130,369,375,791,820,285,1,284;285;286
188,1,0,277,1,246,374,384,833,863,289,1,289
189,1,0,278,1,133,376,383,868,896,291,1,291;292;293
190,1,0,279,1,135,362,368,835,864,275,1,274;275;276
191,1,0,280,1,133,366,372,865,894,280,1,279;280;281
192,1,0,281,1,137,349,356,839,868,260,1,260;261;262
193,1,0,282,1,133,354,361,869,898,268,1,266;267;268
194,1,0,283,1,133,338,344,855,882,253,2,253
195,1,0,284,1,35,314,318,888,896,244,1,244
196,1,0,285,1,111,313,318,852,879,239,1,238;239;240
197,1,0,286,1,70,365,371,760,774,278,2,278
198,1,0,287,1,139,357,363,796,825,271,1,270;271;272
199,1,0,288,1,177,342,352,744,767,257,1,257
200,1,0,289,1,35,346,351,813,821,0,0,
201,1,0,290,1,106,330,337,770,790,250,1,250;251
202,1,0,291,1,235,332,341,811,856,253,2,253
203,1,0,292,1,214,302,312,748,775,232,1,232
204,1,0,293,1,119,307,313,827,855,237,1,236;237;238
205,1,0,294,1,116,295,301,825,852,226,1,226;227
206,1,0,295,1,220,279,289,770,799,212,1,212
207,1,0,302,1,60,299,308,893,899,228,1,228
208,1,0,303,1,118,300,306,859,886,229,1,229;230
209,1,0,307,1,119,288,294,856,884,219,1,218;219;220
210,1,0,308,1,102,275,282,883,899,209,2,209
211,1,0,310,1,117,282,288,829,857,217,1,215;216;217
212,1,0,311,1,55,269,276,836,850,208,1,208
213,1,0,312,1,371,249,274,847,879,189,1,188;189
214,1,0,313,1,216,249,263,765,791,187,2,187
215,1,0,314,1,52,248,255,830,838,180,2,180
216,1,0,315,1,67,242,248,833,844,180,2,180
217,1,0,316,1,135,240,245,857,889,177,1,177;178
218,1,0,317,1,99,232,239,824,841,171,1,171
219,1,0,323,1,96,270,275,879,899,209,2,209
220,1,0,324,1,86,254,259,882,899,194,1,194
221,1,0,326,1,48,240,245,890,899,179,1,179
222,1,0,330,1,47,214,219,891,899,160,1,160
223,1,0,340,1,228,217,232,766,792,163,3,163
224,1,0,341,1,88,227,230,856,877,0,0,
225,1,0,342,1,239,218,230,799,818,164,1,164
226,1,0,343,1,146,216,221,858,890,161,1,161;162
227,1,0,344,1,232,197,206,822,855,150,1,150
228,1,0,345,1,40,200,205,858,866,154,1,154
229,1,0,346,1,311,191,208,871,898,148,1,148
230,1,0,347,1,1042,160,189,811,899,129,3,129;130;131
231,1,0,348,1,103,176,182,837,857,129,3,129
232,1,0,349,1,311,156,167,809,851,126,1,126
233,1,0,364,1,44,109,113,860,875,0,0,
234,1,0,365,1,109,108,116,875,896,89,2,89
235,1,0,366,1,137,103,111,830,852,84,1,84
236,1,0,367,1,51,108,114,889,899,89,2,89
237,1,0,368,1,102,100,108,848,869,82,1,82;83
238,1,0,369,1,95,95,102,873,894,74,1,74;76
239,1,0,370,1,97,90,98,829,849,71,1,71;72
240,1,0,372,1,90,85,92,853,874,70,1,68;70
241,1,0,373,1,87,70,79,844,857,58,1,58
242,1,0,375,1,87,60,69,864,878,50,1,50
243,1,0,376,1,24,62,66,894,899,0,0,
244,1,0,377,1,83,56,65,844,857,47,1,47
245,1,0,378,1,88,49,57,868,881,33,2,33
246,1,0,379,1,38,50,53,890,899,0,0,
247,1,0,380,1,88,41,49,848,861,26,1,26
248,1,0,381,1,88,40,48,868,881,33,2,33
249,1,0,382,1,21,37,41,895,899,0,0,
250,1,0,393,1,89,23,32,861,874,18,1,18
251,1,0,397,1,93,0,5,865,884,5,1,5
252,1,0,398,1,31,0,2,831,847,4,2,4
253,1,0,433,1,41,623,629,72,83,590,2,590
254,1,0,435,1,39,624,629,95,105,593,1,593
255,1,0,436,1,80,621,629,141,156,585,1,585
256,1,0,437,1,22,622,626,71,75,590,2,590
257,1,0,438,1,94,617,629,156,171,580,1,580
258,1,0,439,1,374,592,629,103,138,555,1,555
259,1,0,440,1,256,590,617,55,72,552,1,552
260,1,0,441,1,236,586,614,76,93,546,1,546
261,1,0,446,1,81,618,629,189,203,582,1,582
262,1,0,447,1,153,608,627,186,211,563,4,563
263,1,0,448,1,76,610,622,205,221,563,4,563
264,1,0,450,1,31,623,629,279,289,0,0,
265,1,0,451,1,204,611,629,282,307,578,1,578
266,1,0,452,1,537,593,618,338,373,558,1,558
267,1,0,453,1,82,583,593,309,325,530,2,530
268,1,0,454,1,319,576,593,285,315,530,2,530
269,1,0,455,1,187,588,602,372,407,539,2,539
270,1,0,456,1,43,585,590,356,366,543,1,543
271,1,0,457,1,85,611,623,213,229,563,4,563
272,1,0,458,1,94,597,609,190,206,563,4,563
273,1,0,459,1,94,600,613,228,245,568,1,568
274,1,0,460,1,81,596,609,241,256,564,1,564
275,1,0,461,1,90,588,601,199,216,548,1,548
276,1,0,462,1,92,584,596,211,226,541,1,541
277,1,0,463,1,93,579,592,223,239,538,1,538
278,1,0,464,1,88,573,586,184,199,527,1,527
279,1,0,465,1,249,593,618,116,144,556,1,556
280,1,0,466,1,210,593,614,135,161,557,1,557
281,1,0,467,1,168,592,609,156,179,554,1,554
282,1,0,468,1,159,579,589,103,137,535,1,534;535;536;537
283,1,0,469,1,72,575,587,169,184,513,2,513
284,1,0,470,1,127,573,588,144,162,526,1,526
285,1,0,471,1,369,555,572,79,132,497,2,497;515
286,1,0,472,1,83,563,575,157,172,513,2,513
287,1,0,473,1,197,548,571,135,149,486,1,486
288,1,0,491,1,389,591,629,33,58,553,1,553
289,1,0,493,1,228,585,610,0,14,542,1,542
290,1,0,495,1,200,563,584,24,44,512,1,512
291,1,0,506,1,193,566,582,49,74,494,1,494
292,1,0,507,1,55,568,573,48,62,0,0,
293,1,0,508,1,147,550,566,40,54,489,1,489
294,1,0,509,1,99,553,566,63,74,493,1,493
295,1,0,510,1,195,538,559,13,30,481,1,481
296,1,0,511,1,498,526,553,72,121,468,1,468
297,1,0,512,1,209,534,547,32,61,476,1,476
298,1,0,513,1,85,558,570,169,184,503,1,503
299,1,0,514,1,98,554,560,103,124,496,1,496;497;498
300,1,0,515,1,77,551,558,163,180,490,1,490
301,1,0,516,1,95,553,566,180,196,495,1,495
302,1,0,517,1,202,541,550,148,188,482,1,482
303,1,0,518,1,245,521,540,122,152,464,1,464
304,1,0,519,1,36,523,526,90,106,0,0,
305,1,0,520,1,92,568,581,195,211,519,1,519
306,1,0,521,1,92,564,577,208,224,514,1,514
307,1,0,522,1,83,549,561,192,208,487,1,487
308,1,0,523,1,584,525,539,242,304,462,2,462
309,1,0,524,1,274,518,530,235,270,462,2,462
310,1,0,525,1,88,516,521,274,302,451,2,451
311,1,0,526,1,274,575,590,369,395,508,2,508
312,1,0,527,1,225,570,586,316,354,521,1,521
313,1,0,528,1,297,562,579,385,408,508,2,508
314,1,0,529,1,975,537,567,306,355,477,1,477
315,1,0,530,1,259,520,534,311,348,457,2,457
316,1,0,531,1,128,529,536,158,182,470,1,470
317,1,0,532,1,30,526,531,157,162,469,1,469
318,1,0,533,1,82,515,522,161,175,458,1,458
319,1,0,534,1,130,506,521,139,152,446,1,446
320,1,0,535,1,76,508,514,160,173,449,1,449
321,1,0,536,1,237,493,512,114,138,433,1,433
322,1,0,537,1,26,500,504,150,156,438,2,438
323,1,0,538,1,77,497,504,156,170,438,2,438
324,1,0,539,1,123,490,497,138,163,429,1,429
325,1,0,540,1,106,481,489,112,130,419,1,419
326,1,0,541,1,239,510,520,302,334,451,2,451
327,1,0,542,1,252,513,528,340,384,456,1,455;456;457
328,1,0,543,1,70,506,516,376,389,447,2,447
329,1,0,544,1,85,507,513,355,383,447,2,447
330,1,0,545,1,211,493,503,291,320,434,1,434
331,1,0,546,1,252,498,508,389,428,441,1,441
332,1,0,547,1,381,487,498,338,407,424,1,424
333,1,0,548,1,147,479,487,293,316,414,1,414
334,1,0,549,1,196,497,514,194,214,430,2,430
335,1,0,550,1,475,490,511,204,240,430,2,430
336,1,0,551,1,240,466,478,203,254,400,1,400;401;402;403;404;405
337,1,0,552,1,62,452,460,207,225,384,3,384
338,1,0,553,1,255,455,470,257,280,387,1,387
339,1,0,554,1,50,446,451,263,272,380,1,380
340,1,0,555,1,201,434,443,227,254,357,2,357
341,1,0,556,1,72,443,448,285,304,0,0,
342,1,0,558,1,609,446,480,103,131,379,1,379
343,2,0,559,1,100,459,470,198,210,384,3,384
344,1,0,560,1,80,447,456,79,98,378,6,378
345,1,0,561,1,144,434,441,115,142,363,1,363
346,1,0,562,1,177,451,460,190,219,384,3,384
347,1,0,563,1,210,405,419,92,118,321,1,321
348,1,0,564,1,93,437,443,206,226,357,2,357;358;359
349,1,0,565,1,255,420,436,172,197,345,1,345
350,1,0,566,1,151,465,475,323,352,397,2,397
351,1,0,567,1,45,468,472,322,333,397,2,397
352,1,0,568,1,210,464,470,363,392,396,1,396
353,1,0,569,1,585,409,460,317,341,332,5,332
354,1,0,570,1,99,436,443,336,353,332,5,332
355,1,0,571,1,420,432,452,351,379,332,5,332
356,1,0,572,1,275,413,423,329,369,332,5,332
357,1,0,573,1,52,442,446,305,316,372,1,372
358,1,0,574,1,91,430,436,224,244,355,1,355;356
359,1,0,575,1,250,427,439,268,303,349,1,349
360,1,0,576,1,121,413,427,239,250,334,1,334
361,1,0,577,1,180,416,427,216,237,336,1,336
362,1,0,578,1,153,419,437,305,317,344,1,344
363,1,0,579,1,192,403,431,441,455,318,4,318
364,1,0,580,1,325,406,420,399,444,318,4,318
365,1,0,581,1,135,393,402,364,382,310,2,310
366,3,0,581,1,84,396,404,339,351,310,2,310
367,1,0,582,1,124,395,404,349,366,310,2,310
368,1,0,583,1,49,390,399,436,444,308,1,308
369,1,0,584,1,251,385,395,385,421,301,1,301
370,1,0,585,1,70,380,389,457,466,288,2,288
371,1,0,586,1,28,384,388,437,443,300,1,300
372,1,0,599,1,22,516,521,0,4,448,2,448
373,1,0,600,1,427,507,530,2,40,448,2,448
374,1,0,601,1,229,515,526,38,76,459,1,459
375,1,0,602,1,186,504,516,48,70,437,2,437
376,1,0,603,1,423,498,519,62,105,437,2,437
377,1,0,604,1,126,492,499,18,42,432,1,432
378,1,0,605,1,341,483,496,44,99,420,1,420
379,1,0,609,1,148,494,507,0,20,436,1,436
380,1,0,623,1,116,479,487,14,37,417,1,417
381,1,0,624,1,226,467,478,0,36,399,1,399
382,1,0,625,1,276,472,484,50,101,410,1,410
383,1,0,626,1,194,463,472,36,71,395,1,395
384,1,0,627,1,281,452,464,32,76,378,6,378
385,1,0,628,1,92,460,467,75,95,378,6,378
386,1,0,629,1,68,451,458,98,110,378,6,378
387,1,0,630,1,279,439,451,26,73,368,1,368
388,1,0,631,1,195,458,468,0,31,389,1,389
389,1,0,635,1,46,446,451,0,8,377,1,377
390,1,0,636,1,32,439,445,0,5,367,1,367
391,1,0,652,1,27,406,412,0,4,0,0,
392,1,0,654,1,210,380,391,0,24,295,1,295
393,1,0,656,1,114,357,374,2,15,264,2,264
394,1,0,657,1,132,352,360,6,41,264,2,264
395,1,0,658,1,2584,281,335,0,63,214,1,214
396,1,0,659,1,97,437,446,12,26,366,1,366
397,1,0,660,1,272,426,438,28,77,348,1,348
398,1,0,661,1,202,448,462,72,97,378,6,378
399,1,0,662,1,244,414,425,4,44,337,1,337
400,1,0,663,1,36,426,430,87,96,0,0,
401,1,0,664,1,65,299,305,145,156,223,2,223
402,2,0,664,1,112,305,312,171,188,223,2,223
403,3,0,664,1,69,311,315,147,169,223,2,223
404,1,0,665,1,144,272,282,156,175,210,1,210
405,1,0,673,1,56,262,277,0,5,205,1,205
406,1,0,674,1,47,247,254,0,6,185,1,185
407,1,0,675,1,334,250,265,34,62,190,1,190
408,1,0,676,1,141,244,252,26,51,181,1,181
409,1,0,679,1,606,197,224,13,49,151,1,151
410,1,0,690,1,29,251,255,122,131,169,4,169
411,1,0,691,1,115,254,263,122,142,169,4,169
412,1,0,692,1,57,249,255,149,160,191,1,191
413,1,0,693,1,309,236,258,112,144,169,4,169
414,1,0,694,1,172,234,244,107,130,170,1,170
415,1,0,695,1,80,231,238,134,148,169,4,169
416,1,0,696,1,567,173,201,82,130,137,2,137
417,1,0,697,1,108,185,193,92,109,137,2,137
418,1,0,705,1,108,167,176,158,174,124,2,124
419,1,0,707,1,240,137,150,131,153,111,3,111
420,1,0,709,1,119,127,138,136,160,110,1,110;111
421,1,0,721,1,58,165,170,7,25,0,0,
422,1,0,722,1,59,156,160,0,18,0,0,
423,1,0,723,1,204,152,170,71,89,125,1,125
424,1,0,724,1,66,139,144,0,16,0,0,
425,1,0,725,1,43,130,134,0,9,109,1,109
426,1,0,726,1,811,115,141,13,55,94,1,94
427,1,0,728,1,38,104,109,0,8,85,1,85
428,1,0,729,1,116,76,86,40,60,54,2,54
429,1,0,730,1,24,85,87,106,115,0,0,
430,1,0,731,1,127,125,133,191,216,105,1,105;106
431,2,0,731,1,217,130,140,152,192,106,2,106
432,1,0,733,1,177,119,128,122,147,95,3,95
433,1,0,734,1,419,108,123,147,207,88,1,88
434,1,0,735,1,287,86,103,151,187,69,2,69
435,1,0,736,1,91,92,99,142,170,69,2,69
436,1,0,737,1,792,78,102,190,264,61,3,60;61;62
437,1,0,738,1,284,52,63,155,192,39,1,39
438,1,0,739,1,230,411,420,258,290,333,1,333
439,1,0,740,1,47,412,416,306,318,332,5,332
440,1,0,741,1,66,403,408,308,327,0,0,
441,1,0,742,1,1302,325,377,281,325,247,1,247
442,1,0,744,1,109,399,407,187,204,316,1,316
443,1,0,745,1,292,381,405,170,198,296,1,296
444,1,0,746,1,184,368,379,176,200,263,2,263
445,1,0,747,1,110,351,381,191,206,263,2,263
446,1,0,748,1,186,341,366,166,181,255,1,255
447,1,0,749,1,543,284,312,130,181,223,2,223
448,1,0,750,1,836,283,314,202,292,221,1,221
449,1,0,751,1,29,292,296,201,212,0,0,
450,1,0,752,1,271,357,373,379,401,269,1,269
451,1,0,753,1,198,353,370,405,422,265,1,265
452,1,0,755,1,448,340,358,429,479,256,2,256
453,1,0,756,1,1306,318,351,374,426,234,2,234
454,1,0,757,1,733,247,279,278,314,186,1,186
455,1,0,758,1,58,264,270,322,333,204,1,204
456,1,0,759,1,686,260,284,321,416,202,1,202;203
457,1,0,760,1,381,245,262,308,341,173,1,173
458,1,0,761,1,198,244,257,347,376,174,2,174;175;176
459,1,0,762,1,319,310,339,413,437,234,2,233;234
460,1,0,763,1,24,304,310,423,428,0,0,
461,1,0,764,1,507,287,311,389,442,224,1,224
462,1,0,765,1,155,289,300,480,503,222,5,222
463,1,0,766,1,496,266,284,469,548,206,1,206
464,1,0,767,1,178,234,242,365,398,168,2,168
465,1,0,768,1,22,231,234,382,388,168,2,168
466,1,0,769,1,297,200,213,431,466,153,1,153
467,1,0,770,1,198,191,201,433,467,147,1,147
468,1,0,771,1,40,186,194,424,431,139,3,139
469,1,0,772,1,147,263,276,190,205,199,1,199
470,1,0,773,1,232,257,282,233,263,198,2,198
471,2,0,773,1,142,269,277,204,231,198,2,198
472,1,0,774,1,176,263,273,229,253,198,2,198
473,1,0,775,1,111,246,254,196,213,166,1,166
474,1,0,776,1,824,227,249,211,314,165,1,165
475,1,0,777,1,291,168,187,241,280,134,4,134
476,2,0,777,1,55,188,196,264,274,134,4,134
477,3,0,777,1,387,191,212,245,299,134,4,134
478,1,0,780,1,489,240,264,345,406,174,2,174
479,1,0,781,1,221,239,250,329,358,172,1,172
480,1,0,782,1,1355,184,225,341,420,143,1,143
481,1,0,783,1,87,135,142,308,325,116,1,116
482,1,0,784,1,190,142,153,338,364,119,1,119
483,1,0,786,1,607,176,202,275,308,134,4,134
484,1,0,787,1,188,181,193,247,269,134,4,134
485,1,0,788,1,916,150,174,171,269,124,2,124
486,1,0,789,1,107,149,157,269,285,122,1,122
487,1,0,790,1,60,127,134,181,191,106,2,106
488,1,0,791,1,156,134,149,286,304,115,1,115
489,1,0,792,1,81,113,120,231,245,87,2,87
490,1,0,793,1,58,107,115,241,250,87,2,87
491,1,0,794,1,46,112,117,297,307,92,2,92
492,2,0,794,1,68,114,120,280,295,92,2,92
493,1,0,795,1,197,186,201,487,516,145,1,145
494,1,0,796,1,39,181,189,452,459,139,3,139
495,1,0,797,1,252,174,186,418,456,139,3,139
496,1,0,798,1,213,166,179,470,499,133,1,133
497,1,0,799,1,92,161,174,504,515,132,1,132
498,1,0,800,1,76,145,151,416,430,112,3,112
499,1,0,802,1,426,128,145,448,487,107,1,107
500,1,0,804,1,326,114,129,437,475,93,2,93
501,1,0,805,1,41,137,142,326,336,114,1,113;114
502,1,0,807,1,71,133,143,334,344,113,2,113
503,1,0,808,1,99,130,141,349,362,101,1,101
504,1,0,809,1,141,127,136,298,334,0,0,
505,1,0,810,1,641,131,153,376,421,112,3,112
506,1,0,811,1,72,124,131,343,356,100,1,100
507,1,0,818,1,22,362,367,579,583,273,2,273
508,2,0,818,1,199,364,373,538,570,273,2,273
509,1,0,819,1,106,358,368,567,580,273,2,273
510,1,0,820,1,157,352,360,613,653,259,2,258;259
511,2,0,820,1,65,361,371,622,632,259,2,259
512,1,0,821,1,116,359,365,605,627,259,2,259
513,1,0,823,1,371,334,347,551,601,249,2,249
514,1,0,824,1,172,326,337,597,614,248,1,248
515,1,0,825,1,740,309,342,632,671,235,2,235
516,1,0,827,1,621,333,356,491,534,252,1,252
517,1,0,828,1,288,298,317,476,520,222,5,222
518,1,0,829,1,162,303,311,491,521,222,5,222
519,1,0,830,1,84,365,372,747,761,278,2,278
520,1,0,832,1,168,348,359,650,673,258,3,258
521,1,0,833,1,176,338,348,711,734,254,1,254
522,1,0,834,1,508,319,337,675,715,246,1,246
523,1,0,835,1,301,314,327,716,766,241,1,241;242;243
524,1,0,836,1,70,274,279,685,706,0,0,
525,1,0,837,1,436,270,287,706,739,207,1,207
526,1,0,838,1,133,318,331,578,606,245,2,245
527,1,0,839,1,217,305,329,655,671,235,2,235
528,1,0,840,1,117,302,311,611,629,231,1,231
529,1,0,841,1,209,277,287,649,678,211,1,211
530,1,0,842,1,787,252,291,598,641,192,1,192;213
531,1,0,843,1,345,254,267,662,698,193,1,193
532,1,0,844,1,343,244,258,649,692,182,1,182
533,1,0,845,1,1482,174,251,568,638,138,1,138
534,1,0,846,1,35,300,304,487,496,222,5,222
535,1,0,847,1,464,283,306,494,536,222,5,222
536,1,0,848,1,932,260,301,539,595,201,1,200;201;225
537,1,0,849,1,246,246,258,550,587,184,1,184
538,1,0,850,1,115,230,240,555,570,167,1,167
539,1,0,851,1,62,190,197,518,530,144,2,144
540,1,0,852,1,64,255,269,701,707,195,1,195
541,2,0,852,1,175,259,268,709,736,197,1,197
542,1,0,853,1,216,254,265,733,761,196,1,196
543,1,0,854,1,77,245,252,712,724,183,1,183
544,1,0,855,1,72,247,254,763,776,187,2,187
545,1,0,856,1,297,227,241,730,765,163,3,163
546,1,0,857,1,194,222,231,741,773,163,3,163
547,1,0,858,1,41,210,215,750,759,152,3,152
548,1,0,859,1,332,219,233,662,714,155,2,155;156
549,1,0,860,1,58,215,220,662,673,158,2,158
550,1,0,861,1,220,211,227,646,665,158,2,158
551,1,0,862,1,55,212,219,687,696,159,1,159
552,1,0,863,1,153,205,214,663,691,157,1,157
553,1,0,864,1,163,202,219,693,708,155,2,155
554,1,0,865,1,281,195,207,631,674,149,1,149
555,1,0,866,1,98,190,197,669,687,146,1,146
556,1,0,867,1,209,175,189,631,665,140,1,140
557,1,0,868,1,193,175,185,696,732,141,1,141
558,1,0,870,1,38,158,164,721,728,128,3,128
559,2,0,870,1,85,162,169,695,710,128,3,128
560,1,0,871,1,305,148,169,671,704,123,2,123
561,1,0,873,1,34,153,158,675,684,123,2,123
562,1,0,874,1,216,204,219,734,756,152,3,152
563,1,0,875,1,345,197,213,750,783,152,3,152
564,1,0,876,1,199,183,193,703,733,142,1,142
565,1,0,877,1,175,178,188,743,774,135,3,135
566,1,0,878,1,51,181,192,780,791,136,1,135;136
567,1,0,879,1,160,173,189,768,792,135,3,135
568,1,0,880,1,251,161,175,745,768,121,2,121
569,1,0,881,1,211,151,163,737,764,121,2,121
570,1,0,882,1,145,184,193,522,548,144,2,144
571,1,0,883,1,928,123,148,536,591,103,1,103
572,1,0,884,1,353,122,141,595,620,99,1,99
573,1,0,885,1,985,95,119,487,603,75,2,75
574,1,0,886,1,431,61,76,532,577,29,2,29
575,1,0,887,1,364,67,80,589,650,56,1,56
576,1,0,888,1,885,34,65,519,577,29,2,29
577,1,0,897,1,361,66,84,22,66,54,2,54
578,1,0,898,1,206,71,80,83,115,27,4,27
579,1,0,899,1,202,56,70,56,87,28,2,28
580,1,0,900,1,201,58,71,85,118,27,4,27;28
581,1,0,901,1,550,41,58,21,75,34,1,34
582,2,0,902,1,478,39,58,96,131,27,4,27
583,1,0,904,1,181,39,47,151,181,31,1,31
584,2,0,905,1,88,43,69,207,218,13,2,12;13
585,1,0,906,1,252,34,44,120,162,27,4,27
586,1,0,907,1,508,23,44,193,232,12,5,12
587,1,0,922,1,37,111,117,292,298,92,2,92
588,1,0,923,1,263,105,117,250,292,86,1,86
589,1,0,924,1,42,104,108,291,302,0,0,
590,1,0,925,1,262,84,96,219,251,61,3,61
591,1,0,926,1,60,83,91,254,262,61,3,61
592,1,0,927,1,194,83,95,272,304,63,1,63;64
593,1,0,928,1,150,124,134,367,393,102,1,102
594,1,0,929,1,142,116,125,368,392,90,3,90
595,1,0,930,1,59,118,126,399,409,91,1,90;91
596,1,0,931,1,183,110,120,388,414,90,3,90
597,1,0,932,1,224,58,68,332,364,48,1,48
598,1,0,933,1,55,56,61,371,382,46,1,46
599,1,0,934,1,407,47,59,386,448,37,1,37
600,1,0,935,1,24,18,23,302,307,12,5,12
601,2,0,935,1,36,26,29,254,274,12,5,12
602,1,0,936,1,250,100,113,434,468,80,1,80
603,1,0,937,1,78,98,107,482,493,75,2,75
604,1,0,938,1,200,83,94,417,452,67,1,67
605,1,0,939,1,200,69,80,409,444,57,1,57
606,1,0,940,1,553,52,80,452,509,40,1,40
607,1,0,941,1,175,75,84,300,333,59,1,59
608,1,0,942,1,183,68,78,270,294,55,1,55
609,1,0,943,1,159,65,72,294,323,52,1,52;53
610,1,0,944,1,142,43,51,209,233,13,2,13
611,1,0,945,1,43,25,31,228,235,12,5,12
612,1,0,946,1,596,18,30,233,302,12,5,12
613,1,0,949,1,689,21,42,380,469,16,3,16
614,1,0,950,1,57,40,47,528,538,32,1,32
615,1,0,951,1,378,25,39,427,458,16,3,16
616,1,0,952,1,331,26,39,455,482,16,3,16
617,1,0,953,1,202,24,33,539,582,20,1,20
618,1,0,955,1,88,0,7,541,561,1,1,1
619,1,0,956,1,104,27,34,342,365,22,1,22;23;24
620,1,0,971,1,98,159,168,709,722,128,3,128
621,1,0,972,1,112,140,148,642,667,117,2,117;118
622,1,0,973,1,273,134,147,666,703,117,2,117
623,1,0,974,1,70,124,132,636,647,104,1,104
624,1,0,975,1,187,128,138,714,742,108,2,108
625,1,0,976,1,148,126,136,669,690,97,2,97
626,1,0,978,1,119,122,128,682,711,97,2,96;97;98
627,1,0,979,1,90,119,129,711,722,96,3,96
628,1,0,980,1,200,101,112,617,647,81,1,81
629,1,0,981,1,93,156,162,789,804,127,1,127
630,1,0,982,1,189,142,154,737,758,120,1,120
631,1,0,983,1,134,97,104,793,823,77,1,77;78;79
632,1,0,984,1,231,81,95,743,770,65,1,65
633,1,0,985,1,112,84,90,792,821,0,0,
634,1,0,986,1,239,64,72,790,834,51,1,51
635,1,0,987,1,85,54,62,773,786,45,1,45
636,1,0,988,1,132,96,104,691,711,73,3,73
637,1,0,989,1,34,101,106,683,690,73,3,73
638,1,0,990,1,123,92,100,672,693,73,3,73
639,1,0,991,1,379,82,95,607,666,66,1,66
640,1,0,992,1,224,59,72,716,743,49,1,49
641,1,0,993,1,237,37,51,686,714,30,1,30
642,1,0,994,1,91,16,23,659,674,11,1,11
643,1,0,995,1,104,17,29,724,741,14,1,14
644,1,0,996,1,89,8,14,679,693,8,1,8
645,1,0,997,1,92,0,7,699,713,3,1,3
646,1,0,998,1,375,48,60,573,635,38,1,38
647,1,0,999,1,175,23,35,643,668,17,1,17
648,1,0,1000,1,88,13,19,620,634,9,1,9
649,1,0,1001,1,92,13,20,637,652,10,1,10
650,1,0,1002,1,89,2,9,606,620,6,1,6
651,1,0,1003,1,89,3,9,625,639,7,1,7
652,1,0,1004,1,71,0,7,587,602,2,1,2
653,1,0,1005,1,134,53,60,813,843,43,1,42;43;44
654,1,0,1006,1,63,52,56,798,813,41,1,41
655,1,0,1007,1,93,41,49,758,772,35,1,35
656,1,0,1008,1,89,41,49,777,791,36,1,36
657,1,0,1009,1,89,31,39,744,758,25,1,25
658,1,0,1010,1,165,33,40,807,850,0,0,
659,1,0,1011,1,87,25,33,768,782,21,1,21
660,1,0,1012,1,84,25,33,791,804,19,1,19
661,1,0,1013,1,176,20,26,809,853,15,1,15
662,1,0,1019,1,480,0,10,766,868,4,2,4
